row;dB_at_idle;dB_at_50kmh;dB_at_80kmh;dB_at_100kmh;dB_at_120kmh;dB_at_140kmh
0;47.3;58.2;67.0;70.2;72.9;76.0
1;49.9;65.7;69.0;72.3;73.1;75.8
2;41.7;51.7;57.9;61.2;64.0;66.8
3;43.0;54.4;61.5;65.5;67.7;69.9
4;43.6;55.5;63.0;66.9;70.2;73.5
5;39.5;49.7;56.0;59.3;62.4;65.6
6;42.2;51.1;56.7;59.4;62.6;65.9
7;40.2;54.5;63.3;68.6;70.1;71.7
8;39.9;48.4;53.8;56.2;60.2;64.2
9;42.2;54.0;61.2;65.2;67.9;70.5
10;42.4;54.3;61.7;65.5;69.0;72.6
11;48.8;56.7;61.7;64.2;66.6;69.1
12;44.9;55.2;63.5;67.0;69.1;71.4
13;44.5;54.8;63.0;67.2;68.5;70.2
14;44.5;54.8;63.0;67.2;68.5;70.2
15;50.1;75.2;76.1;76.9;81.3;83.3
16;44.9;59.8;63.5;67.3;69.1;72.7
17;47.9;60.8;64.0;67.3;70.1;73.7
18;41.1;52.6;58.9;65.8;68.2;70.8
19;44.1;60.5;64.0;66.0;68.5;71.5
20;43.7;53.8;61.9;66.2;67.3;68.8
21;42.1;58.8;61.1;63.5;66.5;68.3
22;45.2;55.7;64.0;68.0;69.6;71.6
23;46.9;56.5;61.8;66.8;69.2;70.8
24;47.1;56.1;61.5;66.3;68.7;70.8
25;41.9;51.5;59.2;63.8;64.4;65.3
26;45.1;55.5;63.8;68.5;69.4;70.7
27;46.6;57.4;66.0;70.3;71.7;73.5
28;42.0;62.3;66.4;68.5;72.9;75.7
29;42.9;57.8;61.0;64.3;66.2;69.6
30;43.9;53.8;58.3;61.7;67.6;67.7
31;43.9;54.8;61.5;65.5;67.1;68.8
32;52.2;58.1;62.2;63.1;68.6;74.1
33;39.4;62.2;64.4;66.8;69.1;71.9
34;38.2;59.1;63.3;66.1;69.1;71.3
35;39.1;53.1;59.8;68.3;70.7;72.8
36;46.9;56.0;62.0;67.3;69.7;72.8
37;46.1;62.0;63.0;65.0;68.0;68.2
38;45.0;55.4;63.7;68.6;69.2;70.2
39;39.9;60.3;65.5;67.8;70.9;72.9
40;36.6;61.5;65.0;66.5;68.0;69.9
41;37.1;58.5;64.0;65.4;68.3;71.6
42;38.2;57.6;61.4;62.5;65.1;68.1
43;44.5;58.0;62.7;65.9;68.7;70.7
44;47.2;58.2;61.2;65.2;67.9;70.6
45;43.0;53.0;60.9;63.5;66.3;69.5
46;40.4;51.7;58.6;62.5;64.9;67.2
47;39.2;55.6;60.2;64.4;67.4;71.3
48;42.5;54.0;59.5;62.9;65.5;70.4
49;39.9;56.8;59.5;62.2;66.2;69.6
50;40.0;57.6;62.1;65.7;69.9;72.6
51;42.9;59.8;62.0;64.3;67.2;70.6
52;45.9;55.0;60.5;65.3;67.7;69.8
53;42.9;55.0;61.0;67.8;70.2;71.8
54;41.6;57.8;61.5;64.3;66.4;69.7
55;43.2;53.1;61.1;65.2;66.4;68.0
56;44.3;54.5;62.7;64.8;68.2;72.0
57;43.9;53.8;59.9;63.1;65.8;68.4
58;45.5;56.0;64.4;67.4;70.1;73.2
59;42.8;52.6;60.5;64.4;65.8;67.6
60;43.6;53.6;61.6;63.7;67.1;70.9
61;42.9;57.2;60.9;63.3;66.0;69.3
62;44.4;54.0;59.9;63.2;65.2;67.2
63;43.2;53.2;59.4;62.9;64.7;66.4
64;41.0;55.2;59.1;62.9;66.6;68.3
65;41.6;55.2;59.6;63.9;66.3;68.1
66;45.2;54.3;58.6;61.6;64.9;68.6
67;43.8;55.5;60.9;63.7;67.4;70.6
68;40.9;56.8;59.0;61.2;64.1;67.4
69;42.9;54.8;58.0;61.2;64.3;67.6
70;44.9;56.8;59.5;62.2;64.3;67.6
71;44.1;54.3;62.5;67.6;67.9;68.5
72;42.8;52.6;60.5;64.0;65.8;68.0
73;39.6;61.5;63.2;66.6;69.2;71.8
74;44.2;54.4;62.6;66.4;68.0;70.0
75;44.1;54.2;62.4;65.1;67.9;71.1
76;37.9;55.8;59.5;63.3;65.2;68.6
77;40.9;52.5;58.6;65.3;67.7;69.8
78;43.6;53.7;61.7;64.4;67.2;70.4
79;43.6;53.6;61.6;66.3;67.0;68.0
80;43.4;57.8;62.1;64.8;66.7;69.2
81;45.6;58.0;61.8;65.0;67.7;70.8
82;42.2;57.5;61.6;62.4;65.4;67.5
83;42.8;52.7;60.6;64.1;65.9;68.1
84;38.7;52.7;58.3;61.3;64.5;66.6
85;44.0;54.2;62.3;65.2;67.8;70.8
86;42.0;52.5;59.0;62.7;64.9;67.2
87;45.1;57.5;61.5;64.0;66.0;67.5
88;41.6;56.2;60.1;63.9;66.6;68.3
89;43.9;53.1;57.3;60.1;64.0;67.6
90;39.9;59.8;61.5;63.3;64.3;67.6
91;41.9;57.8;60.5;63.3;65.2;68.6
92;48.1;57.2;61.2;65.3;66.3;69.7
93;40.9;56.8;60.0;63.3;64.3;67.6
94;39.9;53.8;58.5;63.3;65.2;68.6
95;41.9;56.8;60.5;64.3;65.2;68.6
96;39.9;56.8;60.0;63.3;65.2;68.6
97;42.9;52.8;60.7;65.1;66.0;67.2
98;42.7;52.6;60.4;63.5;65.8;68.3
99;41.7;51.3;59.0;63.3;64.1;65.2
100;36.6;54.6;58.6;60.7;62.4;65.4
101;45.8;54.1;59.3;62.0;64.0;66.1
102;40.4;51.0;57.5;61.1;63.1;65.1
103;39.7;54.2;57.6;60.9;64.7;66.3
104;37.9;60.8;63.0;65.3;68.2;71.7
105;36.1;50.6;57.4;66.3;68.7;70.8
106;37.9;51.0;57.7;65.8;68.2;70.8
107;43.9;57.0;61.6;64.6;67.6;71.8
108;42.3;57.2;61.1;64.9;67.6;69.3
109;41.9;57.8;61.0;64.3;65.2;68.6
110;47.9;59.8;62.5;65.3;67.2;70.6
111;38.1;51.6;57.7;65.3;67.7;68.8
112;42.9;58.2;62.1;65.9;68.6;70.3
113;44.8;57.3;61.1;63.8;67.3;69.6
114;43.1;53.0;61.0;64.8;66.3;68.2
115;45.3;54.5;60.2;63.2;65.6;68.0
116;45.4;59.0;63.0;66.8;67.5;71.5
117;42.8;52.7;60.6;64.2;65.9;68.0
118;47.8;55.8;60.8;63.6;65.2;66.8
119;38.2;53.8;57.8;59.8;63.7;66.2
120;41.6;57.2;60.6;63.9;67.6;69.3
121;41.6;58.2;61.1;63.8;67.3;69.1
122;43.9;58.8;61.5;64.3;66.2;69.6
123;41.9;59.8;61.5;63.3;64.3;67.6
124;41.9;59.8;61.5;63.3;64.3;67.6
125;38.9;54.8;58.5;62.2;64.3;67.6
126;39.9;50.0;55.7;61.3;63.7;65.8
127;44.7;55.0;63.2;66.7;68.8;71.1
128;41.2;51.7;56.7;60.2;63.5;67.6
129;42.0;50.5;55.8;59.3;63.6;65.7
130;42.9;54.8;58.0;61.2;63.3;66.5
131;47.8;58.8;67.6;71.3;73.6;76.1
132;50.6;59.4;65.0;67.3;71.8;76.3
133;49.9;64.7;67.5;69.8;70.1;73.7
134;50.8;65.7;68.0;70.3;72.1;75.8
135;49.9;65.7;68.0;70.3;71.1;74.7
136;47.9;56.9;62.6;65.1;69.2;73.3
137;44.7;53.3;58.9;61.0;65.7;70.4
138;44.9;57.8;61.0;64.3;66.2;69.6
139;40.9;56.8;60.0;63.3;64.3;67.6
140;43.9;57.8;61.0;64.3;66.2;69.6
141;47.9;62.7;64.5;66.3;68.2;71.7
142;44.5;54.8;63.0;67.8;68.5;69.6
143;42.9;55.7;63.5;68.0;70.5;73.0
144;39.9;55.8;59.5;63.3;64.3;67.6
145;42.7;55.6;58.4;63.3;65.3;68.6
146;48.9;58.8;61.5;64.3;65.2;68.6
147;39.9;58.8;61.5;64.3;66.2;69.6
148;42.9;54.8;58.0;61.2;63.3;66.5
149;45.3;58.5;66.7;71.3;73.7;76.2
150;45.6;56.1;64.5;69.0;70.1;71.6
151;48.2;59.3;68.2;73.5;74.1;75.1
152;43.6;61.2;64.1;66.9;69.6;71.3
153;43.9;59.8;63.5;67.3;69.1;72.7
154;46.9;61.8;65.5;69.3;70.1;73.7
155;50.8;62.7;66.5;70.3;71.1;74.7
156;46.9;58.0;63.5;69.3;71.7;72.8
157;44.2;60.2;64.1;67.9;70.6;72.3
158;44.1;54.2;62.4;66.4;67.8;69.6
159;43.9;62.7;65.0;67.3;71.1;74.7
160;47.9;61.8;65.0;68.3;72.1;75.8
161;37.9;52.8;57.5;62.2;64.3;67.6
162;42.9;53.8;57.0;60.2;64.3;67.6
163;47.3;57.0;63.0;66.1;69.0;71.9
164;47.6;54.3;58.7;60.2;64.4;68.6
165;48.0;56.1;61.3;63.6;67.2;70.8
166;49.3;61.1;64.9;65.4;68.4;70.1
167;40.8;50.2;57.7;61.4;62.7;64.3
168;49.6;57.2;60.3;63.8;65.6;68.6
169;46.5;57.2;65.8;68.2;71.6;75.4
170;47.3;56.8;62.8;65.9;68.6;71.4
171;66.7;67.6;68.3;68.3;69.4;70.5
172;48.1;58.0;64.1;67.3;69.9;72.5
173;43.8;53.9;62.0;65.0;67.5;70.2
174;40.6;60.5;64.0;66.5;68.5;70.9
175;36.6;60.6;63.1;66.0;69.4;71.8
176;43.6;61.1;64.5;67.0;69.0;74.5
177;44.2;54.4;62.6;66.5;68.0;69.9
178;40.7;57.3;60.7;63.4;66.1;69.8
179;48.5;59.9;66.8;70.9;72.7;74.5
180;39.6;57.9;61.5;63.2;65.7;67.5
181;47.1;55.7;60.1;63.8;67.4;69.7
182;45.5;57.2;62.5;65.8;69.4;71.3
183;42.4;57.4;62.3;64.7;67.8;70.5
184;43.2;53.1;61.1;64.1;66.5;69.1
185;43.2;53.2;61.2;64.1;66.6;69.4
186;42.8;52.7;60.6;64.1;65.9;68.1
187;42.9;52.8;60.7;64.9;66.0;67.5
188;42.4;57.6;61.8;64.9;67.6;71.3
189;41.9;56.8;60.5;64.3;66.2;69.6
190;44.9;56.8;60.0;63.3;65.2;68.6
191;37.7;53.8;59.9;63.4;70.1;70.2
192;45.9;61.8;64.0;66.3;68.2;71.7
193;45.1;56.1;61.8;67.8;70.2;71.8
194;44.5;57.7;62.2;64.9;68.6;71.8
195;42.9;59.2;62.6;65.9;69.6;71.3
196;42.3;58.2;61.6;64.9;70.6;72.3
197;39.3;58.5;62.5;66.6;69.3;73.6
198;42.9;60.2;63.1;65.9;68.6;70.3
199;39.9;59.8;63.0;66.3;68.2;71.7
200;46.1;61.2;63.8;66.3;68.3;71.8
201;47.9;59.8;63.0;66.3;67.2;70.6
202;45.1;54.6;60.4;65.8;68.2;70.8
203;44.9;54.5;60.3;65.8;68.2;70.8
204;34.1;49.1;56.0;65.3;67.7;69.8
205;46.6;59.0;62.0;64.0;67.0;70.0
206;43.7;53.8;61.8;65.5;67.2;69.3
207;43.9;63.7;66.9;67.7;70.9;72.7
208;44.9;55.2;63.5;65.5;69.1;73.2
209;41.6;60.0;64.0;65.5;68.0;70.0
210;42.6;52.5;60.4;64.5;65.6;67.1
211;46.4;55.0;60.4;63.1;65.7;68.3
212;50.1;62.5;66.0;67.9;70.6;73.0
213;43.3;59.0;64.5;66.3;69.1;71.2
214;50.3;57.8;63.1;66.7;68.3;71.7
215;44.2;54.4;62.6;65.5;68.1;71.1
216;43.5;57.4;60.5;63.3;66.9;70.8
217;44.2;54.4;62.6;64.7;68.1;71.9
218;42.0;53.6;60.8;64.8;67.3;69.8
219;44.0;54.2;62.3;64.9;67.8;71.1
220;40.6;55.8;59.2;63.6;66.5;70.6
221;44.9;55.8;59.8;62.9;66.6;69.2
222;41.0;55.2;59.1;62.9;66.6;68.3
223;41.0;59.2;61.1;62.9;66.6;68.3
224;46.1;57.0;61.6;64.5;66.7;69.5
225;42.9;56.2;59.9;63.0;67.4;69.5
226;40.1;58.2;61.2;64.3;66.3;69.7
227;43.9;58.8;61.5;64.3;67.2;70.6
228;39.1;51.6;58.2;65.8;68.2;70.8
229;42.4;52.7;59.1;62.4;65.4;68.3
230;44.9;56.8;60.0;63.3;64.3;67.6
231;40.9;57.8;61.0;64.3;65.2;68.6
232;46.2;56.6;60.1;64.1;66.6;71.1
233;43.6;52.2;57.6;60.3;63.1;66.0
234;43.1;56.2;60.5;64.2;66.5;69.1
235;42.4;52.2;60.0;63.8;65.2;67.0
236;44.6;56.7;61.1;62.9;65.1;68.8
237;42.9;52.8;60.7;63.6;66.1;68.8
238;34.5;48.2;56.8;61.3;65.2;69.1
239;43.5;53.5;61.5;64.5;67.0;69.8
240;44.6;56.7;61.1;62.9;65.1;68.9
241;42.6;54.7;62.1;66.4;68.3;70.2
242;40.9;55.9;59.2;62.6;65.6;67.8
243;42.8;52.0;57.8;60.9;63.1;65.4
244;41.8;53.5;58.4;61.3;65.2;68.1
245;41.3;50.8;58.4;61.8;63.5;65.6
246;42.9;60.2;63.1;65.9;67.6;69.3
247;41.0;55.2;59.1;62.9;66.6;68.3
248;45.9;57.8;60.5;63.3;65.2;68.6
249;43.9;57.8;61.5;64.7;65.2;68.6
250;41.9;56.8;60.5;63.3;64.3;67.6
251;46.9;57.8;60.5;63.3;65.1;68.2
252;41.9;55.8;59.0;62.2;64.3;67.6
253;41.9;55.8;59.5;63.3;65.2;68.6
254;37.9;54.8;58.5;61.2;62.3;65.5
255;37.1;51.7;57.5;59.6;65.5;65.6
256;38.9;56.8;60.0;63.3;65.2;68.6
257;42.9;53.0;58.7;64.3;66.7;68.8
258;43.1;52.6;58.2;63.3;65.7;67.8
259;41.6;51.2;58.9;63.2;64.0;65.1
260;47.3;55.0;60.0;62.1;65.7;69.3
261;43.6;53.7;61.7;65.2;67.1;69.4
262;42.1;56.3;60.1;62.0;66.7;68.1
263;41.4;53.9;61.6;66.0;68.1;70.2
264;42.4;52.2;60.0;63.8;65.2;67.0
265;38.5;56.1;61.2;63.0;64.8;67.0
266;44.8;53.7;59.3;62.0;65.0;68.1
267;40.3;55.2;58.6;61.9;65.7;67.3
268;39.7;56.2;58.6;60.9;65.7;67.3
269;42.9;53.9;57.7;60.5;63.0;66.0
270;35.9;57.8;59.0;60.2;62.3;65.5
271;43.4;53.5;59.8;64.2;66.9;71.4
272;45.5;55.1;58.9;62.9;70.1;70.2
273;31.9;48.5;55.3;65.3;67.7;68.8
274;42.3;60.2;62.6;64.9;70.6;72.3
275;49.9;61.8;64.5;67.3;69.1;72.7
276;44.9;61.8;65.5;69.3;70.1;73.7
277;51.1;61.1;67.3;70.4;73.7;77.0
278;53.4;62.7;68.6;71.6;74.3;77.0
279;48.0;58.2;64.7;67.9;71.2;74.5
280;44.9;60.2;64.6;68.9;71.5;73.3
282;46.9;64.7;67.0;67.9;68.2;71.7
283;45.9;62.7;66.5;70.3;71.1;74.7
284;44.4;54.6;62.8;65.7;68.4;71.5
285;48.8;56.3;61.3;62.9;68.2;73.6
286;44.9;59.8;63.0;66.3;67.2;70.6
287;44.5;59.5;62.4;65.5;68.5;71.0
288;42.9;52.8;60.7;64.7;66.0;67.7
289;48.8;56.2;60.9;63.1;65.9;68.7
290;42.9;59.2;62.6;65.9;68.6;70.3
291;45.1;58.2;61.7;65.3;67.3;70.7
292;43.9;56.8;60.5;64.3;66.2;69.6
293;45.1;55.1;60.8;66.3;68.7;70.8
294;42.2;51.9;59.7;64.5;64.9;65.6
295;41.8;57.1;61.3;64.6;68.1;70.2
296;46.2;58.2;62.1;65.3;69.1;72.4
297;44.0;54.1;60.5;63.3;67.7;72.1
298;41.2;57.2;60.6;63.8;66.6;68.3
299;48.1;61.2;62.8;64.3;65.3;68.7
300;45.9;56.8;60.0;63.3;65.2;68.6
301;48.9;57.8;61.0;64.3;68.2;71.7
302;42.1;52.1;57.8;63.3;65.7;67.8
303;41.6;57.4;60.7;63.9;66.7;68.4
304;41.3;56.3;61.8;64.9;67.9;71.2
305;47.9;57.8;60.5;63.3;65.2;68.6
306;44.9;54.0;59.5;64.3;66.7;68.8
307;43.0;51.9;57.6;59.9;64.7;69.5
308;44.3;54.6;62.7;65.1;68.3;71.9
309;43.2;55.5;60.1;63.3;66.6;70.2
310;42.6;52.5;60.4;63.4;65.7;68.2
311;41.4;56.3;58.0;60.8;64.6;68.2
312;40.3;50.7;57.2;60.5;63.5;66.5
313;41.6;56.2;60.1;63.9;65.7;67.3
314;46.1;55.2;58.2;61.2;64.4;67.7
315;41.6;56.2;60.1;63.9;67.6;69.3
316;36.5;51.6;56.9;60.9;64.8;66.9
317;42.2;54.4;62.0;66.3;68.4;70.6
318;46.4;57.6;61.4;64.5;67.4;70.3
319;45.3;56.1;62.7;66.3;68.9;71.6
320;48.4;58.4;64.7;67.9;70.9;74.0
321;48.9;59.3;65.8;69.1;72.2;75.3
322;44.2;57.0;64.7;69.6;70.5;71.5
323;44.3;55.5;62.4;66.3;68.4;70.4
324;43.1;52.7;58.7;62.0;64.1;66.2
325;41.9;52.0;58.3;61.8;63.9;66.0
326;44.9;56.3;63.4;67.1;70.1;73.2
327;41.4;50.7;56.6;59.4;62.7;66.1
328;44.5;54.9;61.3;64.9;67.0;69.1
329;44.0;54.5;60.8;64.7;65.9;67.2
330;41.2;51.3;57.6;61.0;63.5;66.0
331;41.7;53.6;61.0;65.0;67.6;70.3
332;44.0;54.3;60.7;64.4;66.0;67.6
333;45.6;53.8;59.2;61.0;66.5;72.0
334;43.6;53.7;61.7;65.1;67.2;69.5
335;40.6;57.5;63.0;64.0;65.5;68.0
336;44.1;55.4;62.7;66.0;70.6;75.2
337;42.2;50.7;56.2;58.7;62.0;65.3
338;40.7;57.1;62.1;65.4;67.3;69.9
339;42.4;52.2;60.1;64.7;65.3;66.2
340;46.7;54.5;59.8;61.2;67.5;73.9
341;42.3;58.2;61.6;64.9;66.6;68.3
342;44.2;55.1;60.1;62.6;65.1;68.1
343;44.3;56.0;63.3;67.4;69.5;71.6
344;58.4;64.8;69.2;70.1;76.1;82.2
345;50.0;58.4;63.7;66.3;69.0;71.6
346;44.5;54.8;63.0;66.7;68.5;70.7
347;45.9;60.8;63.5;64.9;66.2;69.6
348;48.3;58.6;64.9;68.7;69.9;71.2
349;38.4;52.3;60.7;65.8;67.2;68.6
350;43.3;55.5;63.0;67.5;69.0;70.6
351;42.8;55.9;63.9;68.5;70.9;73.3
352;43.9;55.8;59.5;63.3;65.2;68.6
353;48.0;59.1;68.0;70.9;74.0;77.5
354;42.1;59.9;64.6;66.8;70.9;73.4
355;43.0;52.2;58.1;60.7;65.0;69.4
356;55.3;63.6;68.7;71.5;73.3;75.1
357;53.8;60.6;65.1;66.6;71.1;75.6
358;51.5;59.6;64.9;67.0;71.2;75.4
359;61.2;66.9;70.7;71.8;76.0;80.2
360;50.3;59.6;65.5;68.3;71.8;75.3
361;48.9;62.7;65.5;68.3;69.1;72.7
362;46.9;62.7;64.5;66.3;67.2;70.6
363;45.1;55.5;63.8;66.9;69.5;72.5
364;49.5;60.0;66.5;70.2;72.1;74.1
365;46.2;58.2;65.6;69.9;71.6;73.3
366;61.4;65.8;69.0;69.4;74.5;79.7
367;57.7;65.2;70.2;71.6;77.5;83.4
368;53.1;58.3;62.1;62.3;69.1;76.0
369;58.3;66.5;71.9;73.7;79.1;84.4
370;57.2;68.3;75.1;79.1;80.9;82.7
371;54.4;60.7;65.1;66.0;72.0;77.9
372;52.6;62.0;68.1;70.5;75.5;80.5
373;55.8;62.7;66.5;70.3;73.0;76.8
374;55.8;63.7;67.5;71.3;75.0;78.8
375;41.6;60.4;63.4;66.2;69.8;73.7
376;45.5;61.0;62.3;66.0;70.0;73.5
377;45.6;58.3;63.8;67.9;70.3;74.4
378;49.8;57.9;62.8;65.9;66.5;67.1
379;39.9;51.3;58.4;62.0;65.5;69.1
380;46.0;56.6;65.0;67.7;70.8;74.3
381;39.3;50.6;57.7;61.3;64.7;68.1
382;43.0;53.0;60.9;64.7;66.2;68.1
383;44.5;55.0;61.6;65.1;67.8;70.5
384;36.7;51.7;60.8;66.3;68.0;69.8
385;42.7;55.3;62.9;67.6;68.8;70.0
386;39.1;57.3;61.2;63.7;66.0;70.0
387;46.3;57.2;63.8;67.7;69.6;71.5
388;42.7;54.5;61.7;66.1;67.4;68.8
389;44.4;55.8;62.8;66.7;69.2;71.7
390;45.8;55.3;61.3;64.0;67.9;71.8
391;41.7;53.8;61.1;65.6;66.8;68.0
392;48.0;56.2;61.3;63.8;66.7;69.7
393;46.0;54.7;60.5;62.4;68.5;74.6
394;39.1;49.9;56.5;60.2;62.5;64.8
395;42.4;53.6;60.7;64.3;67.7;71.2
396;37.1;52.2;61.3;67.3;67.7;68.2
397;48.7;61.1;68.7;73.3;74.6;76.0
398;43.3;56.7;62.5;64.8;66.7;70.0
399;44.8;54.5;60.5;63.6;66.6;69.7
400;40.9;50.9;57.3;60.4;63.7;67.0
401;50.7;58.3;63.7;65.7;68.5;71.4
402;46.2;56.8;65.3;68.1;71.1;74.5
403;47.3;56.0;61.6;64.0;67.9;71.8
404;42.0;53.0;59.8;63.6;66.1;68.6
405;44.0;62.8;66.1;68.1;70.9;73.6
406;48.1;57.6;63.2;68.3;70.7;72.8
407;52.4;66.2;70.7;73.4;78.6;84.5
408;48.8;65.4;68.4;71.2;75.0;77.4
409;47.3;58.2;67.0;71.8;72.8;74.2
410;47.3;58.2;67.0;71.8;72.8;74.2
411;43.4;61.3;66.7;69.3;74.2;76.1
412;44.1;60.8;63.5;65.8;69.4;71.6
413;36.7;59.2;63.2;66.7;68.6;72.4
414;39.7;58.6;64.7;68.0;71.2;74.0
415;46.2;55.1;61.2;64.1;71.1;71.2
416;38.7;57.2;62.8;64.2;71.3;71.3
417;46.9;60.8;64.0;67.3;68.2;71.7
418;38.9;52.5;58.8;66.8;69.2;70.8
419;43.1;54.1;59.8;65.8;68.2;69.8
420;40.9;53.0;59.2;66.3;68.7;70.8
421;47.1;56.1;61.8;66.8;69.2;71.8
422;41.4;62.2;65.5;67.7;70.3;72.1
423;43.7;53.8;61.8;66.4;67.2;68.3
424;40.7;50.1;57.6;61.6;62.6;63.9
425;42.6;62.8;64.8;67.9;69.6;72.3
426;40.9;59.8;63.9;66.0;69.7;71.8
427;39.2;58.4;63.3;66.3;69.2;71.7
428;44.2;54.4;62.6;66.7;68.0;69.7
429;38.6;39.6;62.1;64.9;68.2;70.6
430;45.0;55.4;63.7;68.3;69.2;70.5
431;45.2;55.6;63.9;67.1;69.6;72.5
432;42.4;55.8;60.7;62.3;65.3;68.1
433;39.6;59.3;63.0;66.5;68.5;72.1
434;42.3;59.2;62.1;64.9;67.6;69.3
435;37.9;51.0;57.5;65.3;67.7;69.8
436;44.1;54.1;60.0;65.8;68.2;70.8
437;36.9;51.0;57.7;66.3;68.7;70.8
438;40.5;54.9;58.7;62.3;69.0;69.1
439;41.2;50.7;58.3;61.2;63.5;66.0
440;43.4;53.4;61.5;64.3;66.9;69.9
441;39.0;59.3;62.2;64.0;67.1;69.4
442;44.1;63.0;66.0;68.0;70.0;72.0
443;45.4;55.9;64.3;67.2;70.0;73.2
444;44.1;54.3;62.5;66.7;67.9;69.5
445;43.7;53.8;61.8;65.3;67.2;69.5
446;41.1;56.5;60.1;62.2;65.2;67.3
447;42.9;52.8;60.7;64.0;66.1;68.4
448;44.3;54.6;62.7;67.6;68.2;69.1
449;45.0;55.4;63.7;67.5;69.2;71.3
450;38.1;63.1;65.4;67.9;70.6;71.7
451;44.4;54.6;62.8;65.6;68.4;71.6
452;43.6;57.7;61.7;63.9;67.1;69.5
453;44.4;54.6;62.8;65.6;68.4;71.6
454;48.3;57.4;62.6;63.2;66.1;70.5
455;49.2;65.1;68.1;71.1;75.1;78.1
456;43.7;61.3;66.6;68.2;71.9;76.4
457;41.3;57.7;63.5;66.2;70.4;72.9
458;44.2;61.2;64.6;67.9;70.6;72.3
459;39.1;52.1;58.5;66.3;68.7;70.8
460;49.9;57.5;62.6;66.3;68.7;70.8
461;47.6;60.2;65.2;69.9;73.3;75.3
462;47.0;57.8;66.5;69.8;72.4;75.4
463;46.7;64.2;68.0;70.6;75.2;80.4
464;47.2;58.1;66.8;69.2;72.7;76.7
465;47.1;57.9;66.6;70.2;72.5;75.0
466;42.7;64.5;67.3;70.9;73.4;76.8
467;43.9;54.0;62.1;65.9;67.5;69.5
468;42.9;55.5;62.1;69.8;72.2;74.8
469;47.2;58.1;66.8;70.1;72.7;75.7
470;45.7;56.2;64.7;67.9;70.4;73.3
471;46.4;57.1;65.7;69.1;71.5;74.1
472;46.7;64.0;69.7;72.5;75.9;79.8
473;44.7;55.0;63.3;67.6;68.8;70.4
474;46.0;56.6;65.0;68.1;70.8;73.9
475;52.8;59.9;64.4;66.3;69.8;73.4
476;48.8;59.7;66.5;69.9;73.4;76.9
477;51.2;59.3;64.5;66.7;70.6;74.5
478;45.3;57.5;65.1;69.2;72.2;75.2
479;46.4;55.9;62.0;64.7;68.8;72.9
480;42.3;52.8;59.4;62.9;65.6;68.3
481;43.2;53.2;61.2;64.8;66.5;68.6
482;43.1;55.5;63.0;67.8;68.4;69.0
483;43.5;54.7;61.6;65.3;67.9;70.6
484;39.2;47.5;52.6;55.3;57.8;60.3
485;40.1;51.0;57.9;61.3;64.9;68.4
486;39.2;51.6;59.4;63.4;67.1;70.8
487;61.3;68.6;73.3;75.0;79.4;83.8
488;60.1;67.5;72.3;74.1;78.4;82.7
489;38.9;53.0;59.5;67.8;70.2;71.8
490;45.1;56.1;62.3;68.8;71.2;73.8
491;42.6;54.8;60.8;61.8;66.4;69.4
492;40.2;58.3;61.8;64.3;68.1;70.1
493;46.9;56.5;62.1;67.3;69.7;71.8
494;47.9;64.7;69.0;73.3;76.0;79.9
495;43.1;57.6;63.9;72.3;74.7;75.8
496;46.5;57.2;65.8;70.2;71.5;73.2
497;46.8;57.6;66.2;70.5;72.0;73.9
498;47.7;57.5;63.5;66.7;69.3;72.0
499;47.1;59.6;64.5;67.7;72.6;76.6
500;45.0;56.4;63.5;67.3;70.1;72.9
501;49.0;59.9;66.7;70.2;73.1;76.0
502;47.8;59.4;65.1;68.0;73.7;76.1
503;45.9;61.5;65.0;68.4;72.2;76.5
504;42.4;61.5;65.5;66.7;71.1;73.9
505;44.7;55.0;63.2;68.0;68.7;69.8
506;43.9;55.0;61.0;67.3;69.7;71.8
507;39.9;57.6;62.4;65.9;69.4;72.9
508;46.1;55.6;61.2;66.3;68.7;70.8
509;44.6;54.9;63.1;67.3;68.6;70.3
510;46.8;61.4;65.4;67.6;70.4;72.1
511;45.9;56.5;65.0;68.3;70.7;73.3
512;43.4;60.5;64.1;67.2;69.8;74.6
513;48.3;63.9;70.2;71.7;75.1;79.0
514;46.7;57.5;66.1;69.4;72.0;75.0
515;44.8;58.1;65.5;68.9;72.4;76.1
516;44.9;56.5;62.6;69.3;71.7;73.8
517;43.1;55.6;61.4;68.3;70.7;71.8
518;43.7;53.8;61.9;66.2;67.3;68.8
519;45.6;56.1;64.5;67.3;70.2;73.5
520;44.1;54.3;62.5;65.7;68.0;70.5
521;39.3;60.5;64.6;67.2;71.0;73.5
522;45.4;59.5;64.8;66.1;68.8;69.4
523;46.3;57.0;65.5;68.5;71.3;74.5
524;45.6;56.1;64.5;67.9;70.2;72.7
525;45.4;55.8;64.2;66.6;69.9;73.6
526;46.8;56.3;61.1;64.1;70.6;70.7
527;39.1;52.6;59.2;67.3;69.7;71.8
528;44.9;57.4;61.8;66.7;69.2;71.9
529;44.1;54.6;60.2;65.8;68.2;69.8
530;44.5;59.5;62.5;66.0;68.5;71.0
531;44.4;54.6;62.8;64.4;68.4;72.9
532;44.6;54.9;63.1;66.7;68.6;70.9
533;39.5;51.5;59.1;63.0;66.4;69.8
534;44.5;58.4;61.7;64.9;68.5;70.9
535;38.9;57.8;61.5;65.3;69.1;72.7
536;48.8;69.1;70.0;73.1;75.0;79.8
537;42.9;57.0;60.5;65.7;68.7;71.7
538;39.2;54.8;64.6;69.6;74.1;78.6
539;41.5;53.7;58.3;62.7;66.2;68.3
540;45.1;56.8;63.9;68.1;69.9;71.7
541;44.1;56.3;63.6;68.2;69.1;70.0
542;40.9;52.8;60.1;64.2;66.6;69.1
543;47.6;56.5;62.1;64.9;67.6;70.4
544;37.5;48.6;55.5;59.1;62.4;65.8
545;45.2;54.3;60.0;62.7;65.9;69.1
546;41.6;53.1;60.3;64.0;67.4;70.8
547;43.4;54.0;60.6;64.2;66.6;69.0
548;51.4;59.7;64.6;67.9;68.0;68.2
549;45.4;55.8;64.2;67.4;69.9;72.6
550;46.3;62.7;65.8;68.9;71.7;75.7
551;41.5;61.4;66.1;68.0;71.2;73.4
552;40.3;55.4;64.6;70.1;72.3;74.5
553;39.6;61.6;65.3;67.5;70.3;71.9
554;44.2;55.0;61.6;65.3;67.7;70.1
555;43.7;57.1;61.9;64.9;67.4;71.0
556;48.1;59.7;64.7;65.4;68.3;72.4
557;45.2;55.2;61.4;64.6;67.5;70.4
558;39.1;59.2;62.8;66.3;68.3;71.8
559;45.9;62.7;65.0;67.3;68.2;71.7
560;40.9;59.8;62.5;65.3;67.2;70.6
561;38.9;51.0;57.5;64.8;67.2;69.8
562;42.1;53.6;59.7;66.3;68.7;70.8
563;44.6;55.3;62.0;65.6;68.0;70.4
564;46.7;57.4;66.1;69.3;71.9;74.9
565;45.8;56.3;64.8;67.6;70.5;73.8
566;46.6;57.4;66.0;69.3;71.8;74.7
567;45.9;63.4;65.2;68.5;70.3;72.9
568;44.9;55.2;63.5;67.0;69.1;71.4
569;43.7;57.9;62.8;65.3;66.5;69.2
570;44.9;55.3;63.6;67.2;69.1;71.4
571;44.9;55.2;63.5;67.0;69.1;71.4
572;46.5;57.3;65.9;68.2;71.7;75.7
573;43.3;61.4;63.9;66.6;69.7;71.6
574;44.0;55.1;61.6;63.6;67.8;71.6
575;39.0;55.4;61.1;64.2;66.9;70.8
576;45.2;55.6;63.9;68.4;69.5;71.0
577;38.4;56.4;61.5;64.3;66.7;69.8
578;43.5;53.5;61.5;65.2;66.9;69.0
579;42.6;59.4;62.7;65.7;68.5;70.6
580;46.3;55.2;60.9;63.3;67.4;71.6
581;44.5;54.7;62.9;65.8;68.5;71.6
582;38.5;55.6;60.6;64.2;68.2;71.5
583;39.3;58.2;64.3;67.8;69.8;71.9
584;39.3;56.3;62.3;64.9;68.4;71.8
585;38.9;58.8;62.5;66.3;68.2;71.7
586;49.9;58.8;62.5;66.3;68.2;71.7
587;49.9;61.8;64.0;66.3;69.1;72.7
588;45.9;59.6;62.2;65.5;68.8;70.6
589;36.9;57.8;62.0;66.3;68.2;71.7
590;46.9;56.5;62.1;67.3;69.7;71.8
591;41.2;52.6;59.7;63.7;65.8;68.0
592;43.2;53.2;59.4;62.7;65.1;67.5
593;36.7;49.1;57.1;60.6;66.1;71.6
594;35.6;49.4;58.1;62.2;67.3;72.3
595;44.3;54.6;62.7;65.9;68.3;70.9
596;44.5;56.1;62.3;65.6;68.6;72.4
597;50.2;64.1;68.1;70.6;75.6;81.3
598;45.8;56.4;64.9;68.5;70.6;72.9
599;44.0;61.3;66.3;68.1;71.9;74.5
600;40.9;60.8;64.0;67.3;70.1;73.7
601;45.2;61.9;65.1;68.6;70.3;73.5
602;45.0;61.1;63.0;66.5;69.2;71.6
603;39.7;52.9;58.4;62.0;65.5;68.1
604;40.2;54.5;59.8;63.4;67.0;69.4
605;46.9;55.5;61.1;65.8;68.2;70.8
606;43.9;54.0;62.1;66.1;67.5;69.3
607;44.1;59.5;63.0;67.7;70.3;72.3
608;43.1;62.0;65.0;68.2;71.7;74.0
609;46.6;58.2;62.1;65.0;68.1;72.3
610;43.5;53.5;61.5;64.5;67.0;69.7
611;44.4;54.6;62.8;65.6;68.4;71.6
612;36.9;54.8;59.0;63.3;67.2;70.6
613;43.8;57.1;61.4;63.1;66.7;69.3
614;44.5;53.6;58.5;62.6;68.5;68.6
615;43.9;58.8;62.0;65.3;67.2;70.6
616;51.3;60.5;66.4;69.1;72.7;76.3
617;50.4;61.3;68.2;71.6;75.2;78.9
618;45.5;58.4;66.4;70.7;73.9;77.1
619;48.6;58.5;64.8;67.7;71.7;75.8
620;50.5;62.0;69.2;73.1;75.8;78.5
621;45.2;55.7;62.4;65.6;69.5;73.5
622;52.8;62.7;66.0;69.3;71.1;74.7
623;57.3;63.0;66.8;68.0;72.0;76.1
624;44.3;54.6;62.7;66.5;68.2;70.3
625;42.4;52.2;60.1;63.8;65.3;67.2
626;39.3;54.6;60.1;63.0;65.6;70.2
627;43.9;56.8;60.0;63.3;66.2;69.6
628;43.5;55.7;63.1;67.6;68.8;70.1
629;42.7;55.0;62.5;67.1;68.3;69.5
630;46.5;64.8;68.9;71.0;75.0;77.4
631;57.3;63.0;66.8;68.0;72.0;76.1
632;41.2;53.8;61.4;66.1;67.4;68.8
633;41.3;51.2;57.4;60.7;63.1;65.5
634;43.0;52.3;58.1;61.2;63.6;66.0
635;35.6;48.4;56.4;60.8;63.5;66.3
636;42.7;54.3;61.3;65.6;66.9;68.3
637;42.9;52.8;60.7;64.8;66.0;67.6
638;50.2;62.1;65.0;66.1;69.5;71.2
639;40.1;53.4;61.6;66.5;68.1;69.7
640;45.6;59.5;64.3;66.7;68.4;71.3
641;43.6;53.7;61.7;64.6;67.2;70.2
642;42.3;51.7;57.6;60.7;63.1;65.5
643;44.8;53.7;59.3;62.3;64.4;66.6
644;43.7;53.8;61.8;65.4;67.2;69.4
645;40.6;51.1;57.6;61.2;63.6;66.1
646;47.8;57.7;63.9;67.2;69.5;71.9
647;39.7;50.5;57.3;60.7;64.4;68.2
648;41.0;52.2;59.2;62.9;65.5;68.1
649;42.4;55.5;61.9;64.3;66.3;70.5
650;35.0;49.6;58.4;63.8;65.3;66.8
651;44.5;54.8;63.0;66.6;68.5;70.8
652;44.7;55.0;63.2;66.7;68.8;71.1
653;45.5;59.1;65.1;66.1;70.1;73.1
654;46.9;56.2;61.9;65.0;67.4;69.9
655;37.7;59.8;64.1;69.4;71.1;73.2
656;43.8;55.3;62.5;66.1;70.0;73.9
657;39.7;53.1;61.3;66.2;68.0;69.8
658;43.6;58.3;61.7;64.2;67.1;69.8
659;37.5;57.2;62.0;65.8;71.9;72.0
660;44.3;54.5;62.7;67.4;68.1;69.2
661;39.9;52.3;60.1;64.2;67.5;70.8
662;42.5;58.9;64.3;67.3;69.7;73.0
663;46.4;56.6;61.7;63.8;66.7;69.0
664;44.2;55.8;60.8;63.1;68.1;70.9
665;40.5;54.3;62.9;67.6;70.5;73.4
666;42.4;56.2;64.7;69.6;71.9;74.2
667;36.7;56.2;60.6;64.6;67.0;71.3
668;39.9;59.8;63.0;66.3;70.1;73.7
669;47.9;58.8;62.0;65.3;67.2;70.6
670;35.3;59.0;62.9;67.3;68.8;73.3
671;44.4;56.5;63.9;68.4;69.5;70.7
672;44.3;54.6;62.7;66.2;68.3;70.6
673;43.6;53.7;61.7;65.4;67.1;69.2
674;44.0;54.2;62.3;66.4;67.7;69.4
675;45.0;56.9;63.8;65.4;69.4;73.8
676;38.4;57.3;64.3;65.6;68.6;72.6
677;41.7;51.3;59.0;62.6;64.1;66.0
678;48.9;63.7;66.0;68.3;70.1;73.7
679;37.6;53.1;62.5;68.5;69.4;70.3
680;43.0;55.4;62.9;67.3;69.4;71.4
681;50.9;59.4;65.2;66.7;74.0;81.3
682;42.8;54.0;61.0;64.7;67.6;70.5
683;38.9;50.6;57.9;61.6;65.3;69.0
684;45.8;56.3;64.8;68.1;70.5;73.1
685;42.5;52.8;59.6;62.1;68.4;74.7
686;40.1;50.5;57.0;60.3;63.6;66.9
687;40.0;51.6;58.7;62.8;65.0;67.2
688;47.7;59.4;66.6;70.6;73.0;75.3
689;43.7;54.9;62.0;65.1;70.1;75.2
690;46.8;57.6;66.2;68.2;72.1;76.5
691;39.1;51.4;59.0;63.2;65.8;68.4
692;43.0;54.1;61.4;64.2;70.2;76.1
693;42.8;54.1;61.4;64.2;70.4;76.7
694;47.0;64.3;68.2;72.0;75.5;79.5
695;46.3;57.0;65.6;69.5;71.3;73.5
696;42.5;59.4;63.4;65.7;69.8;72.4
697;42.5;59.4;63.4;65.7;69.8;72.4
698;40.9;58.8;62.5;66.3;68.2;71.7
699;45.9;56.5;65.0;69.0;70.6;72.6
700;47.2;58.1;66.8;70.1;72.7;75.7
701;40.7;61.1;66.9;69.4;72.5;74.5
702;37.4;62.3;66.1;68.5;69.8;72.6
703;46.8;57.6;66.2;68.1;72.1;76.6
704;37.0;61.0;63.6;65.9;66.9;68.7
705;38.9;59.8;63.5;67.3;69.1;72.7
706;38.9;59.8;62.5;65.3;68.2;71.7
707;45.1;55.5;63.8;67.2;69.5;72.0
708;45.6;56.2;64.6;67.9;70.3;72.9
709;44.2;57.8;64.2;65.2;68.1;72.1
710;44.6;54.9;63.1;66.0;68.7;71.8
711;45.4;58.9;64.2;66.9;70.0;73.1
712;43.4;53.4;61.5;65.0;66.8;69.0
713;34.4;55.7;60.8;63.9;69.9;70.0
714;40.9;55.8;60.5;65.3;66.2;69.6
715;34.3;56.6;60.2;63.7;70.6;70.7
716;34.7;56.8;60.6;64.5;68.4;71.8
717;44.3;54.5;62.7;65.4;68.2;71.4
718;45.4;55.9;64.3;67.7;70.0;72.5
719;44.4;56.8;60.6;64.5;68.4;71.8
720;46.6;59.7;63.1;65.7;68.3;71.7
721;31.5;56.2;60.2;63.3;68.5;70.6
722;45.2;54.7;59.8;63.2;69.6;69.7
723;34.1;50.1;56.8;66.3;68.7;69.8
724;46.0;56.6;65.0;67.2;70.8;74.9
725;46.0;56.6;65.0;67.2;70.8;74.9
726;44.3;58.5;62.9;66.7;68.2;70.5
727;35.6;55.4;62.6;65.0;68.7;72.0
728;34.9;50.0;56.7;65.8;68.2;69.8
729;43.2;53.1;61.1;64.3;66.5;68.9
730;44.4;54.6;62.8;67.9;68.3;69.0
731;43.1;55.0;62.3;66.6;68.3;70.1
732;38.2;50.0;57.2;61.6;62.8;64.1
733;38.4;50.4;57.9;61.6;65.9;70.3
734;40.6;54.4;62.8;67.9;69.3;70.8
735;43.5;54.2;60.7;64.6;66.1;67.7
736;33.5;53.8;59.9;62.6;67.0;70.2
737;33.9;56.8;60.5;64.3;66.2;69.6
738;48.9;60.8;63.0;65.3;67.2;70.6
739;41.1;52.6;59.2;66.3;68.7;71.8
740;44.7;55.0;63.3;67.3;68.8;70.7
741;45.2;59.2;63.4;66.3;69.7;73.8
742;39.6;52.7;60.9;65.3;68.6;72.0
743;41.7;55.1;63.5;68.0;71.3;74.7
744;43.1;53.0;61.0;64.9;66.3;68.1
745;49.6;59.7;65.8;69.5;70.8;72.2
746;45.0;55.5;62.1;65.4;68.8;72.2
747;43.7;53.8;61.9;65.5;67.3;69.5
748;41.1;60.0;64.0;65.5;68.4;70.0
749;42.8;52.7;60.6;64.4;65.9;67.8
750;47.6;55.6;60.7;63.1;66.0;69.0
751;41.0;52.0;58.8;62.3;65.6;68.9
752;42.9;55.6;63.4;67.8;70.3;72.8
753;44.2;60.1;61.3;64.2;66.6;71.0
754;44.6;56.5;63.8;67.9;70.2;72.5
755;42.2;53.9;61.2;65.2;67.7;70.3
756;38.5;53.3;57.2;61.3;65.4;67.8
757;42.2;53.0;59.8;63.3;66.4;69.6
758;38.4;50.4;57.8;61.9;64.6;67.3
759;49.4;56.6;60.4;61.8;65.9;69.3
760;44.6;57.5;60.0;63.0;66.0;70.0
761;41.9;56.8;60.5;64.3;66.2;69.6
762;45.4;56.3;61.3;64.2;67.8;71.2
763;43.3;54.6;61.5;65.6;67.1;68.6
764;41.1;51.5;58.0;61.3;64.3;67.4
765;41.2;53.3;60.6;65.1;66.3;67.5
766;42.1;53.1;59.0;65.3;67.7;69.8
767;40.4;57.3;62.0;64.6;66.0;69.6
768;47.9;58.8;61.5;64.3;65.2;68.6
769;44.5;53.6;58.6;61.7;68.5;68.6
770;46.5;55.2;61.0;63.0;68.8;74.6
771;44.9;61.8;65.0;68.3;70.1;73.7
772;45.2;56.2;63.1;65.2;67.0;70.1
773;43.2;57.7;60.6;63.8;67.7;69.7
774;50.8;58.8;61.0;63.3;66.2;69.6
775;47.7;55.1;60.1;63.6;66.6;69.6
776;40.8;61.4;62.4;64.0;66.7;69.1
777;45.4;57.1;61.2;64.0;66.6;69.0
778;44.4;54.6;62.8;66.5;68.3;70.5
779;43.0;52.9;60.8;64.8;66.1;67.8
780;43.0;52.9;60.8;64.8;66.1;67.8
781;44.2;59.5;63.0;64.0;66.0;68.0
782;48.1;57.2;60.7;64.3;67.3;70.7
783;45.2;54.5;58.3;62.6;68.9;69.0
784;45.6;56.3;62.9;66.6;68.7;70.8
785;47.0;57.3;63.6;67.3;68.7;70.2
786;43.5;53.5;61.5;64.6;67.0;69.6
787;39.9;59.0;61.0;62.7;66.6;68.0
788;40.6;50.3;56.5;59.2;63.3;67.5
789;43.0;53.0;60.9;64.7;66.2;68.1
790;44.3;54.5;62.7;65.1;68.2;71.7
791;44.8;55.1;63.4;66.7;69.0;71.5
792;43.6;53.6;61.6;64.8;67.1;69.6
793;47.3;59.8;62.8;64.2;66.6;68.6
794;45.2;55.6;63.9;67.2;69.6;72.2
795;44.1;54.1;60.0;65.8;68.2;70.8
796;48.4;57.7;63.4;66.6;68.7;70.9
797;53.1;62.1;67.9;70.2;75.1;80.0
798;43.7;53.8;61.8;66.3;67.2;68.5
799;48.7;56.7;61.9;64.0;68.2;72.3
800;51.2;57.3;61.0;63.1;64.3;65.6
801;37.7;56.2;60.1;63.5;66.9;71.6
802;40.1;53.1;59.5;67.3;69.7;71.8
803;46.9;56.0;61.5;66.3;68.7;70.8
804;45.5;56.0;64.4;67.2;70.1;73.4
805;47.5;57.9;64.5;67.5;71.7;76.0
806;44.1;54.2;62.4;66.1;67.8;69.9
807;44.3;57.3;62.0;64.5;68.3;69.3
808;40.1;59.0;65.0;65.5;68.0;71.0
809;37.4;60.5;64.3;67.3;69.4;72.2
810;45.5;56.0;64.4;68.2;70.0;72.2
811;45.6;56.2;64.6;67.1;70.3;73.9
812;44.8;55.1;63.4;66.5;69.0;71.9
813;45.0;55.4;63.8;67.2;69.4;71.8
814;44.7;55.0;63.2;67.1;68.7;70.7
815;44.8;55.1;63.4;66.1;69.0;72.3
816;44.0;59.2;64.7;65.3;67.7;71.8
817;40.1;58.2;61.2;64.3;66.3;69.7
818;37.7;54.2;58.6;62.5;65.7;67.8
819;43.8;52.8;58.5;61.2;64.6;68.0
820;35.3;56.3;60.5;63.7;67.0;69.1
821;26.9;46.0;54.2;66.8;69.2;71.8
822;37.9;52.5;61.4;66.7;68.5;70.2
823;44.2;53.9;59.9;63.3;65.2;67.1
824;44.3;58.8;63.6;66.7;68.2;71.6
825;43.1;53.0;61.0;64.1;66.4;68.9
826;45.5;56.1;60.2;64.6;66.7;70.1
827;44.0;52.6;57.8;61.5;67.8;67.9
828;45.9;57.8;61.0;63.3;64.3;67.6
829;47.3;58.2;67.0;69.8;72.9;76.4
830;46.0;56.6;65.0;68.6;70.8;73.2
831;46.3;58.8;64.2;66.9;71.4;73.5
832;39.5;57.9;63.3;67.2;70.7;73.7
833;37.9;52.5;59.3;68.3;70.7;72.8
834;38.8;56.3;62.2;65.0;68.2;70.7
835;39.2;57.9;63.6;66.3;70.5;74.1
836;36.5;60.6;66.7;69.6;71.9;74.9
837;43.2;53.2;61.2;65.4;66.5;68.0
838;39.1;61.2;66.2;68.0;71.3;74.0
839;39.4;57.5;61.7;64.7;69.7;69.7
840;44.0;54.2;62.3;66.3;67.7;69.5
841;34.5;46.6;54.0;58.2;60.6;63.0
842;34.5;46.6;54.0;58.2;60.6;63.0
843;44.8;55.1;63.4;65.4;69.0;73.1
844;39.2;61.2;66.0;68.9;72.3;74.9
845;44.3;56.7;64.4;68.5;71.5;74.5
846;43.6;58.2;62.6;66.9;69.6;71.3
847;44.8;56.2;60.2;63.2;69.0;69.0
848;45.0;55.4;63.7;68.5;69.2;70.3
849;42.9;56.7;65.0;70.3;71.2;72.1
850;35.4;56.2;63.6;65.2;69.3;71.7
851;46.3;57.0;65.5;69.0;71.3;73.8
852;44.6;59.7;65.3;65.8;68.6;71.3
853;44.4;55.6;59.8;62.9;66.3;68.4
854;44.1;54.1;59.8;65.3;67.7;69.8
855;37.1;56.3;61.3;63.9;70.9;71.0
856;37.9;51.5;57.8;65.8;68.2;69.8
857;42.1;63.0;66.5;69.0;72.0;75.0
858;44.1;54.3;62.5;67.4;67.9;68.7
859;43.7;60.4;66.8;68.3;70.9;73.3
860;43.6;53.7;61.7;65.1;67.2;69.5
861;45.0;55.4;63.7;68.0;69.2;70.8
862;43.6;56.8;61.4;64.0;67.2;70.8
863;41.3;50.9;58.5;63.0;63.6;64.5
864;46.3;57.6;62.7;66.5;71.4;73.0
865;46.2;56.8;65.3;68.7;71.1;73.7
866;42.3;58.3;62.7;66.0;70.4;74.2
867;44.7;55.0;63.2;66.7;68.8;71.1
868;45.8;55.3;59.9;63.6;66.1;70.4
869;46.1;61.2;63.8;66.3;68.3;71.8
870;46.9;60.8;64.0;67.3;68.2;71.7
871;40.1;51.1;57.0;63.3;65.7;67.8
872;37.0;55.1;57.5;60.3;67.3;67.3
873;48.1;59.2;63.0;66.0;67.6;71.0
874;43.9;54.0;62.1;65.9;67.5;69.5
875;43.5;53.5;61.5;64.7;67.0;69.5
876;46.4;59.1;63.0;66.1;69.2;71.6
877;44.9;60.9;62.8;65.4;69.0;71.5
878;45.0;56.7;61.3;65.2;68.4;71.5
879;43.5;55.2;60.7;63.5;67.0;70.8
880;44.1;54.1;59.8;65.3;67.7;69.8
881;41.0;50.7;56.6;59.9;62.0;64.0
882;42.3;52.0;59.8;62.6;65.1;67.9
883;40.0;51.6;58.7;62.9;64.8;66.8
884;41.2;52.4;57.2;58.6;62.8;67.2
885;41.2;49.5;53.4;57.3;60.8;63.8
886;41.9;55.8;59.0;62.2;64.3;67.6
887;42.3;53.8;60.8;64.9;66.8;68.8
888;44.2;54.1;60.3;63.6;65.9;68.3
889;37.0;61.0;64.0;65.5;67.4;71.4
890;47.6;57.1;63.1;65.9;69.9;73.9
891;38.4;58.7;63.1;66.2;69.3;71.4
892;43.2;53.2;61.2;64.0;66.6;69.6
893;44.4;55.4;62.4;65.9;69.2;72.5
894;41.6;52.9;59.8;63.7;66.0;68.4
895;43.9;54.1;60.0;62.6;65.9;69.3
896;41.9;53.0;58.5;64.3;66.7;67.8
897;38.7;48.6;54.8;58.1;60.4;62.8
898;32.9;54.5;60.2;61.2;63.1;66.7
899;41.2;54.1;58.1;60.9;63.6;66.5
900;35.4;47.5;54.9;59.3;60.8;62.3
901;40.9;53.8;56.5;59.2;61.3;64.5
902;34.3;53.2;57.8;60.9;63.6;66.6
903;31.1;47.1;54.3;64.3;66.7;68.8
904;30.2;56.3;60.8;63.5;65.1;67.7
905;40.2;52.1;59.5;63.6;66.1;68.6
906;44.1;54.3;62.5;65.6;68.0;70.6
907;40.9;52.8;60.0;64.4;66.0;67.6
908;32.1;52.1;56.3;59.8;63.1;65.2
909;31.9;47.5;54.3;63.8;66.2;67.8
910;44.5;54.3;60.5;63.6;66.6;69.6
911;39.3;49.5;55.8;59.5;61.0;62.5
912;40.2;52.6;60.1;64.8;65.7;66.6
913;41.9;52.5;59.1;62.6;65.4;68.3
914;56.0;67.2;74.2;77.7;81.3;84.8
915;49.4;69.2;72.6;75.9;82.3;84.3
916;48.9;60.2;69.3;73.8;75.3;77.2
917;45.6;56.1;64.5;68.0;70.2;72.6
918;43.0;52.9;60.8;65.2;66.1;67.3
919;44.2;54.4;62.6;67.1;68.0;69.3
920;40.9;56.8;66.4;72.3;74.1;75.9
921;44.8;57.3;62.3;65.7;69.0;72.3
922;44.3;56.0;63.3;67.4;69.5;71.7
923;45.6;56.9;62.7;67.2;70.2;73.2
924;38.6;56.8;61.2;64.9;72.0;72.1
925;41.1;54.1;60.3;67.8;70.2;71.8
926;46.0;56.6;65.0;67.7;70.8;74.3
927;44.7;57.0;64.6;68.9;71.4;74.0
928;43.3;55.5;63.1;67.3;69.8;72.4
929;44.7;55.0;63.3;67.0;68.8;71.0
930;44.7;55.0;63.3;67.0;68.8;71.0
931;38.3;58.0;63.2;67.2;70.8;73.2
932;38.5;60.5;65.4;68.3;70.9;73.2
933;40.5;53.4;61.2;65.8;67.8;69.8
934;40.5;52.4;59.8;63.9;66.3;68.7
935;39.1;52.6;59.2;67.3;69.7;71.8
936;43.9;54.0;62.1;66.7;67.5;68.7
937;45.5;61.0;64.5;67.0;70.0;73.0
938;43.5;53.5;61.5;64.6;67.0;69.6
939;42.9;54.1;60.9;65.0;66.2;67.4
940;48.5;59.2;65.1;67.1;72.1;73.6
941;44.9;55.2;63.5;67.1;69.0;71.3
942;43.8;53.9;62.0;64.5;67.5;70.9
943;44.8;55.6;62.5;65.8;69.7;73.6
944;43.1;53.0;61.0;65.0;66.3;68.0
945;43.1;53.0;61.0;65.0;66.3;68.0
946;41.2;51.7;58.4;61.7;65.0;68.3
947;38.9;58.8;62.2;65.7;67.3;70.6
948;41.2;51.7;58.4;61.7;65.0;68.3
949;43.1;57.0;62.1;65.7;68.7;71.4
950;37.9;57.8;61.5;65.3;66.2;69.6
951;43.9;59.8;63.5;67.3;68.2;71.7
952;40.1;56.4;60.3;63.4;69.7;69.7
953;38.5;55.0;62.2;65.4;69.2;71.6
954;43.6;59.2;63.1;66.9;69.6;71.3
955;34.9;57.8;61.5;65.3;68.2;71.7
956;35.9;50.0;57.2;66.3;68.7;71.8
957;42.1;54.1;60.3;67.3;69.7;71.8
958;46.2;60.5;65.4;68.9;71.2;72.7
959;37.3;56.4;62.2;65.2;68.4;72.2
960;43.9;55.3;62.3;66.3;68.4;70.6
961;45.6;56.1;64.5;68.6;70.1;72.0
962;37.0;51.5;58.9;63.7;66.9;69.7
963;44.2;55.8;61.0;64.1;68.1;71.9
964;44.9;58.8;61.5;64.3;67.2;70.6
965;49.9;54.8;59.5;64.3;66.2;69.6
966;40.9;51.5;57.6;63.8;66.2;68.8
967;44.5;54.7;62.9;67.3;68.4;69.9
968;42.9;62.7;67.5;72.3;75.0;78.8
969;48.5;62.2;69.6;74.0;78.6;80.7
970;59.8;70.7;72.0;73.3;75.0;78.8
971;60.5;65.9;69.8;70.2;76.9;83.6
972;39.0;54.3;60.1;63.1;66.2;70.8
973;40.3;55.0;59.9;63.2;66.7;69.6
974;46.9;58.8;62.5;66.3;68.2;71.7
975;49.9;60.8;63.5;66.3;68.2;71.7
976;43.9;55.0;61.2;67.8;70.2;72.8
977;52.8;63.7;67.5;69.0;71.1;74.7
978;43.4;58.8;62.5;66.2;66.8;69.1
979;45.0;55.4;63.8;67.3;69.4;71.7
980;41.4;55.1;58.9;61.7;64.9;67.6
981;43.2;54.3;59.2;61.5;66.5;66.5
982;39.9;53.0;59.2;66.8;69.2;70.8
983;45.1;55.6;61.2;66.8;69.2;70.8
984;41.8;51.4;59.2;62.2;64.4;66.8
985;43.8;54.3;60.8;64.1;67.3;70.5
986;47.7;57.6;62.1;65.6;68.1;72.1
987;44.0;54.2;62.3;65.5;67.8;70.3
988;49.2;58.6;64.5;67.4;70.5;73.6
989;45.6;56.1;64.5;68.6;70.1;72.0
990;44.9;55.2;63.5;66.1;69.1;72.5
991;44.9;55.2;63.5;66.1;69.1;72.5
992;45.7;53.5;58.5;60.8;63.9;67.1
993;48.8;57.6;63.2;65.7;69.7;73.8
994;48.3;54.8;59.2;62.2;65.4;69.4
995;42.5;52.2;58.4;61.1;65.6;70.2
996;46.4;57.8;62.2;64.2;66.4;69.3
997;42.3;57.2;61.1;64.9;67.6;69.3
998;42.4;57.5;62.2;63.7;66.0;68.3
999;50.1;58.1;63.0;66.8;69.2;70.8
1000;42.9;53.0;58.7;64.3;66.7;68.8
1001;40.3;56.2;59.1;61.9;65.7;67.3
1002;41.5;53.5;57.3;62.6;66.1;69.4
1003;43.6;58.2;62.6;66.9;67.6;69.3
1004;41.7;51.9;58.1;61.7;63.6;65.6
1005;39.3;56.5;61.2;65.5;67.6;70.7
1006;46.6;55.7;61.6;64.0;68.5;73.0
1007;42.2;53.6;60.7;64.4;67.6;70.9
1008;47.1;61.2;63.8;66.3;67.3;70.7
1009;40.1;56.0;59.4;62.8;66.5;68.5
1010;41.1;53.6;59.9;67.3;69.7;71.8
1011;43.7;53.8;61.8;64.8;67.3;70.0
1012;41.9;51.6;59.3;62.1;64.6;67.4
1013;41.7;51.4;59.1;62.8;64.2;66.0
1014;44.4;54.6;62.8;66.3;68.4;70.7
1015;43.3;53.3;61.3;64.3;66.7;69.3
1016;39.1;54.9;59.4;62.6;65.4;68.3
1017;42.8;52.7;60.6;64.3;65.9;67.9
1018;41.9;58.9;62.1;65.7;67.1;69.9
1019;39.1;54.9;59.4;62.6;65.4;68.3
1020;43.4;53.4;61.4;65.8;66.7;68.0
1021;44.2;55.4;62.3;66.2;68.4;70.7
1022;45.2;52.7;57.4;59.6;62.6;65.5
1023;43.1;49.2;53.5;54.4;60.2;66.0
1024;39.8;58.0;63.0;65.1;67.3;70.0
1025;43.4;53.4;61.5;64.4;66.9;69.6
1026;39.8;53.3;56.8;60.3;63.4;67.4
1027;38.2;49.0;55.8;59.2;62.6;66.0
1028;42.4;52.1;56.6;59.6;62.1;65.3
1029;43.9;57.8;61.0;64.3;65.2;68.6
1030;42.2;54.2;58.8;61.5;66.4;68.5
1031;42.9;56.8;60.0;63.3;64.3;67.6
1032;36.9;56.8;60.0;63.3;64.3;67.6
1033;43.7;53.5;58.2;60.6;67.5;67.5
1034;41.9;56.8;60.5;64.3;65.2;68.6
1035;40.9;57.8;60.5;63.3;66.2;69.6
1036;41.6;56.2;60.1;63.9;66.6;68.3
1037;42.3;58.2;61.6;64.9;67.6;69.3
1038;41.6;57.2;60.6;63.9;67.6;69.3
1039;41.0;55.2;59.1;62.9;65.7;67.3
1040;41.3;58.3;60.9;65.2;66.7;70.0
1041;42.3;59.2;62.1;64.9;67.6;69.3
1042;43.6;59.2;63.1;66.9;69.6;71.3
1043;47.1;56.6;62.2;67.3;69.7;71.8
1044;43.4;54.3;57.7;61.9;64.3;68.3
1045;43.1;59.2;62.2;65.3;66.3;69.7
1046;42.9;55.8;59.5;62.7;64.2;67.5
1047;44.9;56.8;60.0;63.3;65.2;68.6
1048;40.7;53.8;57.1;59.6;64.8;64.8
1049;40.9;59.8;62.5;65.3;66.2;69.6
1050;39.9;50.5;56.6;62.8;65.2;67.8
1051;44.9;56.8;59.5;62.2;64.3;67.6
1052;38.9;55.8;59.0;62.2;65.2;68.6
1053;43.9;56.8;60.5;64.3;65.2;68.6
1054;46.1;57.6;61.1;66.7;68.1;70.3
1055;42.8;52.7;60.6;63.5;66.0;68.7
1056;41.6;56.2;60.1;63.9;67.6;69.3
1057;42.3;57.2;61.1;64.9;67.6;69.3
1058;42.4;52.2;60.0;63.7;65.2;67.1
1059;46.0;55.3;60.9;64.3;65.5;66.7
1060;43.6;54.1;59.1;62.9;67.1;69.2
1061;42.1;51.8;59.5;62.0;64.8;68.0
1062;41.1;51.0;57.1;60.6;62.3;64.0
1063;42.3;52.1;59.9;62.8;65.2;67.8
1064;42.9;52.8;60.7;62.1;66.1;70.6
1065;49.0;58.7;64.7;67.9;70.3;72.6
1066;43.0;52.9;60.8;64.5;66.1;68.1
1067;40.2;55.8;59.3;62.9;64.9;66.9
1068;39.7;53.2;57.1;60.9;64.7;66.3
1069;37.9;48.8;55.6;59.4;61.6;63.9
1070;43.0;53.6;56.8;60.2;63.3;66.2
1071;37.9;49.8;54.0;58.2;60.4;63.5
1072;42.9;55.8;58.5;61.2;64.3;67.6
1073;45.1;55.5;63.8;68.3;69.4;70.9
1074;39.9;57.8;61.0;64.3;66.2;69.6
1075;46.7;57.5;66.1;70.2;71.9;74.0
1076;48.8;57.9;63.6;66.3;69.9;73.5
1077;44.5;54.8;63.0;67.9;68.5;69.5
1078;44.4;55.8;62.8;66.8;69.0;71.2
1079;37.7;54.9;65.5;71.8;74.0;76.3
1080;46.2;56.8;65.3;67.1;71.1;75.6
1081;39.6;56.8;60.6;63.2;68.6;70.7
1082;49.2;64.1;72.1;73.1;74.1;76.1
1083;46.5;57.3;65.9;70.1;71.6;73.5
1084;41.4;62.7;65.8;68.4;71.1;73.4
1085;37.0;59.6;64.1;67.4;70.1;73.1
1086;46.3;56.6;63.1;66.2;69.7;73.2
1087;45.8;56.4;64.9;69.1;70.5;72.3
1088;37.2;60.2;65.1;67.0;70.8;73.1
1089;43.4;59.1;63.2;69.3;70.4;71.6
1090;42.0;60.3;62.8;65.5;67.5;70.4
1091;48.9;59.2;64.3;68.3;71.9;75.3
1092;42.2;58.8;64.1;68.6;72.7;74.5
1093;45.1;59.2;61.7;64.3;67.3;70.7
1094;45.9;65.7;68.5;70.1;71.1;74.7
1095;40.9;61.8;65.0;68.3;70.1;73.7
1096;38.9;61.8;65.5;69.3;70.1;73.7
1097;43.9;55.5;61.3;67.8;70.2;71.8
1098;45.1;56.6;62.7;69.3;71.7;73.8
1099;38.4;61.2;63.3;67.0;71.6;75.2
1100;40.2;57.8;63.4;65.8;68.7;73.2
1101;39.3;59.0;63.8;66.3;69.9;73.0
1102;43.6;60.2;63.6;66.9;69.6;71.3
1103;40.1;51.1;57.3;63.8;66.2;68.8
1104;44.8;55.1;63.4;67.6;68.9;70.6
1105;45.0;55.4;63.8;68.9;69.3;70.1
1106;43.8;53.9;62.0;66.9;67.4;68.2
1107;44.1;59.0;62.5;65.0;68.9;72.2
1108;44.9;61.2;65.1;68.9;72.5;74.3
1109;40.2;59.7;64.6;69.2;72.7;76.1
1110;42.2;61.8;66.3;69.6;72.1;75.1
1111;41.7;60.8;64.8;67.7;70.6;73.3
1112;47.3;56.2;61.6;64.9;65.8;66.6
1113;39.2;63.3;69.2;70.6;74.6;75.1
1114;45.6;58.2;65.9;70.4;72.4;74.5
1115;46.5;57.2;65.8;70.1;71.5;73.3
1116;43.9;55.3;62.4;66.1;69.5;72.9
1117;47.3;58.2;67.0;69.4;72.9;76.9
1118;46.2;56.8;65.3;69.7;71.0;72.7
1119;45.5;62.1;64.4;67.5;71.3;72.8
1120;41.2;61.6;66.1;68.1;72.1;74.4
1121;43.4;53.4;61.4;64.0;66.8;70.0
1122;39.1;53.9;63.1;68.3;71.0;73.8
1123;45.8;59.6;65.1;69.6;71.8;76.0
1124;44.0;55.6;59.6;64.6;67.8;70.2
1125;49.1;56.1;61.5;65.3;67.7;70.8
1126;48.2;60.1;66.5;69.3;74.2;77.4
1127;42.4;59.6;65.5;69.1;72.5;75.0
1128;43.5;59.3;65.0;68.2;74.6;74.7
1129;46.3;57.0;65.5;69.7;71.2;73.1
1130;48.0;59.2;66.3;69.8;73.4;77.1
1131;47.3;58.2;67.0;70.5;72.9;75.6
1132;48.1;58.6;65.2;68.5;71.8;75.2
1133;44.9;65.7;68.5;71.3;74.0;77.8
1134;39.3;51.8;59.7;63.8;67.1;70.5
1135;38.7;49.4;56.1;59.4;63.0;66.5
1136;39.7;50.8;57.6;61.4;63.9;66.5
1137;41.9;52.3;58.7;62.3;64.4;66.5
1138;41.0;55.9;65.0;70.7;71.7;72.7
1139;44.4;54.6;62.8;66.5;68.3;70.5
1140;52.6;64.9;72.5;76.9;79.0;81.2
1141;51.9;65.8;67.4;72.1;74.5;75.3
1142;51.5;61.2;67.2;70.3;73.4;76.5
1143;50.9;62.8;70.1;74.2;76.7;79.2
1144;48.9;64.7;68.0;71.3;72.1;75.8
1145;42.5;56.6;65.2;70.3;72.0;73.8
1146;37.9;59.8;66.2;68.8;70.2;72.7
1147;38.0;57.6;64.1;66.3;70.3;73.6
1148;40.8;54.3;62.5;67.7;68.7;69.8
1149;41.4;56.9;62.4;65.1;68.8;71.7
1150;41.9;54.5;60.6;67.8;70.2;71.8
1151;47.1;55.6;60.9;65.3;67.7;69.8
1152;37.2;53.2;63.1;68.7;71.8;74.9
1153;42.8;52.7;60.6;64.7;65.9;67.5
1154;44.9;58.5;62.3;66.3;69.1;70.7
1155;44.1;54.3;59.7;61.8;68.0;68.1
1156;42.5;55.8;63.9;68.9;70.1;71.3
1157;48.1;62.1;66.6;71.5;74.1;75.2
1158;43.4;53.4;61.5;65.4;66.8;68.6
1159;45.5;56.0;64.4;68.2;70.0;72.2
1160;46.7;56.7;62.2;65.3;71.9;72.0
1161;41.3;57.4;62.2;65.8;71.4;71.5
1162;40.9;59.8;63.0;66.3;68.2;71.7
1163;40.9;54.0;60.5;68.3;70.7;72.8
1164;40.8;50.2;57.8;61.9;62.8;64.0
1165;41.6;54.1;61.8;66.1;68.5;70.9
1166;44.0;56.0;63.4;67.7;69.5;71.3
1167;47.2;62.2;66.1;67.4;70.3;73.2
1168;44.3;54.6;62.7;65.5;68.3;71.5
1169;40.0;61.1;66.6;68.6;73.6;74.6
1170;41.2;61.2;65.4;67.8;71.3;74.3
1171;39.6;56.3;62.3;65.7;69.4;72.8
1172;43.1;54.9;62.0;66.4;67.7;69.0
1173;39.9;51.1;58.1;61.8;64.7;67.6
1174;40.9;63.8;67.0;70.5;73.0;76.9
1175;43.3;56.9;60.1;62.7;66.6;69.0
1176;48.1;56.1;61.0;64.8;67.2;68.8
1177;44.7;55.0;63.3;66.8;68.9;71.2
1178;44.4;54.6;62.8;66.8;68.3;70.2
1179;36.6;57.0;63.9;66.3;70.1;72.9
1180;41.2;58.1;65.1;67.1;70.1;75.1
1181;40.2;56.4;62.2;67.6;70.1;73.9
1182;45.3;55.8;64.1;68.6;69.7;71.2
1183;36.8;55.9;59.7;63.6;65.7;69.7
1184;44.3;57.2;62.3;65.4;68.2;71.3
1185;38.1;55.2;60.2;63.0;67.9;70.0
1186;39.9;57.8;61.5;65.3;68.2;71.7
1187;42.9;57.8;61.5;65.3;67.2;70.6
1188;47.9;59.8;62.5;65.3;67.2;70.6
1189;44.1;54.3;62.5;64.9;68.0;71.5
1190;42.9;56.6;65.1;69.8;72.8;75.9
1191;39.5;51.8;59.4;63.8;66.0;68.2
1192;43.2;53.4;59.8;63.3;65.4;67.5
1193;43.7;56.0;63.5;68.1;69.3;70.5
1194;43.5;56.0;63.7;68.1;70.4;72.7
1195;45.1;55.5;63.8;67.5;69.4;71.7
1196;44.4;60.9;63.2;66.0;69.1;71.4
1197;38.0;55.5;61.6;65.0;72.0;72.1
1198;48.9;57.5;62.6;66.8;69.2;70.8
1199;47.1;56.1;62.0;67.3;69.7;72.8
1200;47.4;58.3;67.1;71.1;72.9;75.1
1201;37.6;59.9;65.5;68.3;71.7;74.2
1202;47.4;58.3;67.1;71.1;72.9;75.1
1203;44.2;54.4;62.6;67.0;68.0;69.4
1204;45.2;54.1;60.5;63.7;69.7;69.8
1205;45.3;55.8;64.1;68.7;69.7;71.1
1206;44.1;54.2;62.4;66.2;67.8;69.8
1207;45.6;56.1;64.5;67.8;70.2;72.8
1208;45.1;55.5;63.8;67.0;69.5;72.2
1209;44.5;61.8;65.7;68.6;70.4;74.4
1210;45.3;59.1;63.2;65.7;66.8;69.5
1211;38.9;59.7;63.5;66.5;69.2;71.6
1212;44.9;55.2;63.5;68.2;69.0;70.2
1213;42.1;60.6;65.5;68.6;70.9;73.4
1214;44.9;57.1;62.3;66.4;69.1;72.1
1215;39.9;59.3;64.4;66.7;69.5;72.1
1216;44.9;60.1;64.5;67.5;69.0;73.9
1217;41.6;57.8;61.8;65.5;68.8;70.2
1218;43.7;53.8;61.9;65.1;67.4;69.9
1219;46.3;60.8;65.8;68.3;71.4;73.0
1220;45.3;55.8;64.1;67.3;69.8;72.7
1221;38.2;57.1;61.1;64.6;69.1;70.1
1222;40.9;58.8;62.0;65.3;66.2;69.6
1223;47.9;57.8;61.5;65.3;67.2;70.6
1224;42.3;55.5;61.1;64.5;66.8;70.9
1225;37.9;56.8;61.5;66.3;68.2;71.7
1226;38.5;55.9;61.4;64.8;68.2;71.4
1227;46.7;57.5;66.1;67.7;72.0;76.9
1228;45.2;55.6;63.9;67.3;69.6;72.1
1229;39.9;60.2;65.2;66.3;69.7;71.4
1230;45.4;55.9;64.3;67.4;70.0;73.0
1231;46.3;62.7;65.8;68.0;71.2;74.5
1232;46.3;57.0;65.6;68.6;71.4;74.6
1233;45.8;58.2;62.6;66.5;70.5;72.9
1234;41.1;61.2;64.8;68.3;69.2;72.8
1235;45.9;63.7;66.5;69.3;71.1;74.7
1236;45.9;60.8;64.0;67.3;69.1;72.7
1237;40.3;56.3;60.9;63.2;71.2;71.3
1238;45.1;55.1;61.0;66.8;69.2;71.8
1239;44.3;54.6;62.7;65.7;68.3;71.3
1240;45.1;62.0;66.0;69.0;70.2;72.0
1241;44.7;55.0;63.2;68.0;68.7;69.8
1242;43.7;53.8;61.8;66.1;67.2;68.7
1243;38.1;58.2;62.2;66.3;68.3;71.8
1244;46.5;58.9;62.7;66.6;68.8;71.7
1245;47.9;57.8;62.0;66.3;68.2;71.7
1246;44.9;59.8;62.5;65.3;67.2;70.6
1247;45.3;57.0;61.2;63.9;70.1;70.2
1248;41.9;53.5;59.3;65.8;68.2;69.8
1249;45.2;55.6;60.1;63.4;69.6;69.7
1250;39.9;59.8;63.0;66.3;70.1;73.7
1251;43.3;59.2;64.9;66.5;69.3;72.0
1252;46.3;57.9;64.0;68.4;71.4;73.6
1253;38.0;59.8;66.0;67.6;69.6;73.6
1254;41.5;57.5;61.6;65.4;68.4;71.8
1255;46.9;61.8;64.5;67.3;68.2;71.7
1256;47.5;58.8;63.2;68.7;71.3;73.0
1257;44.4;54.6;62.8;66.4;68.3;70.6
1258;44.5;57.2;61.6;64.9;68.6;72.3
1259;44.6;54.9;63.1;66.1;68.7;71.7
1260;43.6;59.2;63.1;66.9;69.6;71.3
1261;42.9;58.2;62.1;65.9;69.6;71.3
1262;44.1;59.2;63.3;67.3;68.3;71.8
1263;47.5;58.4;67.2;69.7;73.1;76.9
1264;46.7;57.5;66.1;70.0;71.9;74.2
1265;47.7;64.3;68.0;70.3;73.4;76.6
1266;41.3;64.2;66.8;69.9;74.0;75.9
1267;41.9;56.0;63.0;71.8;74.2;76.8
1268;45.4;65.2;69.6;70.9;73.9;76.8
1269;47.0;57.8;66.5;70.4;72.3;74.6
1270;46.8;57.6;66.2;69.7;72.1;74.7
1271;42.2;59.6;64.1;67.1;70.1;73.3
1272;44.5;62.5;65.4;68.5;70.4;74.5
1273;45.3;55.8;64.1;67.5;69.8;72.3
1274;46.3;57.0;65.5;69.2;71.3;73.6
1275;44.6;64.0;67.0;69.0;71.5;74.3
1276;44.3;54.6;62.7;65.8;68.3;71.0
1277;44.3;54.6;62.7;65.8;68.3;71.0
1278;44.9;55.3;63.6;67.6;69.1;71.0
1279;45.4;55.8;64.2;67.9;69.8;72.1
1280;37.7;59.6;63.4;66.5;70.0;74.2
1281;44.9;55.3;63.6;66.1;69.2;72.7
1282;45.0;58.8;63.3;65.2;69.3;71.9
1283;41.0;57.9;60.8;64.3;68.3;71.4
1284;43.9;62.7;66.5;69.3;70.1;73.7
1285;44.9;61.8;65.0;68.3;69.1;72.7
1286;47.9;64.7;65.5;66.3;67.2;70.6
1287;46.9;63.7;67.0;70.3;73.0;76.8
1288;48.9;58.5;64.1;69.3;71.7;73.8
1289;44.9;55.2;63.5;67.1;69.0;71.3
1290;43.6;53.7;61.7;65.0;67.2;69.6
1291;41.3;50.9;58.5;61.3;63.7;66.3
1292;44.9;60.0;65.0;67.0;69.0;71.0
1293;44.7;55.0;63.2;66.8;68.7;71.0
1294;39.2;59.6;62.3;65.2;68.4;71.2
1295;35.6;61.3;63.1;66.7;67.4;69.2
1296;43.6;53.7;61.7;65.7;67.1;68.9
1297;43.8;53.9;62.0;66.8;67.4;68.3
1298;44.7;55.0;63.2;67.1;68.7;70.7
1299;44.7;55.0;63.2;67.1;68.7;70.7
1300;37.0;61.3;62.5;63.0;67.4;69.3
1301;45.0;55.4;63.7;68.0;69.2;70.8
1302;37.6;56.6;59.3;61.8;65.7;68.5
1303;43.5;58.1;61.6;64.3;66.9;69.4
1304;44.0;58.7;62.5;64.8;67.7;69.4
1305;43.7;59.1;60.8;64.8;67.3;69.4
1306;38.2;56.1;61.1;65.1;68.6;70.1
1307;38.9;57.8;61.5;65.3;67.2;70.6
1308;46.9;61.8;64.0;66.3;67.2;70.6
1309;40.9;61.8;65.0;67.3;68.2;71.7
1310;38.5;54.1;58.8;62.8;68.8;68.9
1311;44.9;56.0;61.5;67.3;69.7;70.8
1312;39.1;53.6;60.2;68.8;71.2;72.8
1313;43.1;53.0;61.0;64.7;66.3;68.3
1314;44.2;59.0;62.0;64.5;68.0;70.0
1315;43.2;53.2;61.2;65.1;66.5;68.3
1316;50.8;58.6;61.5;64.4;70.0;71.5
1317;43.0;55.6;58.6;62.2;66.3;69.9
1318;43.4;53.4;61.4;65.8;66.7;68.0
1319;44.2;54.4;62.6;66.0;68.1;70.4
1320;48.3;58.4;62.4;65.1;68.5;71.5
1321;44.1;54.1;59.8;65.3;67.7;69.8
1322;44.3;54.5;62.7;65.4;68.2;71.4
1323;45.7;62.8;65.4;67.1;70.3;73.0
1324;40.4;57.5;62.6;65.2;68.9;72.3
1325;39.1;59.3;63.7;67.2;71.4;74.0
1326;39.3;56.7;61.1;64.1;70.2;70.3
1327;37.9;52.0;58.5;66.8;69.2;70.8
1328;46.1;55.6;61.4;66.8;69.2;71.8
1329;37.0;57.2;61.9;63.5;67.1;68.2
1330;44.7;55.0;63.3;66.8;68.9;71.2
1331;44.2;54.4;62.6;65.4;68.1;71.2
1332;37.5;58.7;62.6;66.0;69.6;72.4
1333;36.3;56.3;60.3;63.6;69.0;69.1
1334;47.9;57.8;60.5;63.3;64.3;67.6
1335;35.9;49.5;55.8;63.8;66.2;67.8
1336;42.9;53.0;58.5;63.8;66.2;67.8
1337;43.3;57.8;63.3;66.0;68.3;70.8
1338;38.9;58.8;62.0;65.3;66.2;69.6
1339;39.1;51.6;57.9;65.3;67.7;69.8
1340;44.3;54.6;62.7;66.1;68.3;70.7
1341;43.8;53.9;62.0;66.4;67.4;68.8
1342;43.8;55.6;63.0;66.8;70.4;74.1
1343;48.5;58.1;64.1;67.2;69.9;72.5
1344;53.8;62.7;67.0;70.3;71.1;74.7
1345;52.8;66.7;69.0;71.3;72.1;75.8nan
1346;2017;52.8;63.7;67.0;70.3;71.1
1347;63.7;68.2;71.4;71.8;76.9;82.132827
1348;57.4;66.3;72.1;74.4;79.3;84.245753
1349;2011;61.7;67.1;70.6;71.8;75.4
1350;49.7;58.9;65.1;67.0;73.9;80.945765
1351;Cabrio;2012;48.6;59.8;68.8;73.7
1352;48.8;58.0;64.2;66.0;73.3;80.651471
1353;2013;52.5;59.6;64.7;65.2;73.9
1354;44.9;63.2;66.1;68.9;73.5;75.360352
1355;53.8;63.7;67.0;70.3;73.0;76.866607
1356;2016;54.2;65.3;67.8;70.3;74.1
1357;Cabrio;2016;54.2;64.3;67.3;70.3
1358;56.8;65.7;69.5;71.9;73.0;76.866602
1359;55.8;62.7;67.5;69.9;72.1;75.869181
1360;51.0;58.5;63.4;65.1;69.9;74.8nan
1361;49.2;57.8;63.5;65.3;71.3;77.3nan
1362;43.4;53.4;61.4;65.6;66.7;68.2nan
1363;44.1;54.3;62.5;65.8;68.0;70.432449
1364;45.5;56.0;64.4;68.1;70.0;72.332464
1365;44.1;54.3;62.5;65.5;68.0;70.845779
1366;2011;44.5;53.5;59.3;61.9;65.5
1367;42.3;52.1;59.9;63.1;65.2;67.551478
1368;48.9;57.8;60.5;63.3;64.3;67.660355
1369;2016;47.9;59.8;62.5;65.3;67.2
1370;46.3;57.0;65.6;68.5;71.4;74.754339
1371;54.4;61.3;65.9;67.2;72.7;78.249393
1372;45.8;55.7;62.5;64.3;72.4;80.558622
1373;55.4;61.6;65.8;66.8;72.2;77.760363
1374;49.9;63.7;67.5;71.3;72.1;75.869501
1375;2014;41.2;53.5;57.9;60.5;64.4
1376;45.4;55.2;60.2;63.1;66.3;69.660933
1377;45.1;60.2;61.7;63.3;65.3;68.766202
1378;44.9;58.8;61.0;63.3;66.2;69.666259
1379;38.9;55.8;60.5;63.5;65.2;68.668831
1380;41.6;55.6;59.6;60.9;66.1;66.168831
1381;47.7;58.1;62.6;64.6;68.6;70.1nan
1382;43.2;57.6;62.5;65.4;69.2;70.145792
1383;2011;43.9;54.0;62.1;64.8;67.6
1386;2013;39.1;52.9;58.6;60.6;64.9
1387;2016;41.9;58.8;61.0;63.3;64.3
1388;46.9;56.8;61.0;63.7;65.2;68.669330
1389;V8;2013;42.8;52.3;58.2;61.2
1390;2008;44.2;54.4;62.6;66.0;68.1
1391;2011;43.6;53.7;61.7;65.2;67.1
1392;2014;44.9;60.1;64.5;67.2;68.1
1393;2016;46.8;53.7;59.4;62.8;66.8
1394;2013;43.2;55.1;59.4;61.2;65.3
1397;2017;44.2;53.6;58.1;60.6;65.6
1398;44.3;59.7;64.4;65.3;68.2;69.4nan
1399;40.6;57.4;62.2;66.1;68.4;72.0nan
1400;36.3;58.6;63.8;66.3;69.4;73.2nan
1401;48.9;58.4;61.2;65.0;71.3;71.3nan
1402;48.1;57.6;62.9;67.8;70.2;71.8nan
1403;38.8;59.0;62.8;65.3;68.5;71.834317
1404;2008;46.4;57.1;65.7;66.2;71.5
1405;44.4;54.6;62.8;66.4;68.3;70.634265
1406;45.4;55.8;64.2;67.5;69.9;72.546799
1407;2010;39.0;59.3;62.6;66.4;68.5
1408;45.5;58.3;63.4;68.0;71.3;74.850429
1409;41.4;59.6;64.3;68.5;71.2;73.5nan
1410;41.9;57.8;61.5;65.3;68.2;71.7nan
1411;46.9;60.8;64.0;65.6;67.2;70.6nan
1412;2017;44.9;63.7;67.0;70.3;71.1
1413;39.9;53.0;60.0;68.3;70.7;73.8nan
1414;56.9;61.5;65.8;67.3;69.7;71.8nan
1416;42.3;55.2;59.2;62.6;66.0;69.7nan
1417;44.9;59.8;62.5;65.3;67.2;70.6nan
1418;46.2;58.4;64.2;66.6;71.1;76.255036
1420;2009;43.9;54.0;62.1;64.5;67.6
1421;2009;44.1;54.2;62.4;64.7;67.9
1422;2012;43.5;53.5;61.5;65.3;66.9
1423;44.0;56.4;61.7;64.6;67.8;70.6nan
1424;43.6;60.2;63.6;66.9;69.6;71.3nan
1425;38.2;55.8;60.9;63.9;71.0;71.1nan
1426;38.9;52.0;58.5;66.3;68.7;70.8nan
1427;46.1;56.1;61.5;66.8;69.2;70.8nan
1428;45.6;56.2;64.6;68.3;70.2;72.534432
1429;110;2008;42.3;63.3;68.4;72.6
1430;40.9;53.5;59.8;67.3;69.7;71.8nan
1431;2008;43.5;53.5;61.5;63.8;67.0
1432;175;2008;42.2;61.5;64.3;66.9
1433;46.2;54.5;62.3;65.4;71.1;71.2nan
1434;45.1;54.1;59.8;64.8;67.2;69.8nan
1435;44.2;54.4;62.6;66.2;68.0;70.233656
1436;2008;41.2;50.7;58.3;61.2;63.5
1437;2008;43.7;53.8;61.9;66.5;67.3
1438;Coupe;2009;41.3;58.0;62.0;64.0
1439;Stationcar;2011;43.4;53.4;61.5;65.1
1440;2011;44.9;62.0;65.0;66.5;69.0
1441;Stationcar;2011;51.9;58.6;63.7;66.6
1442;Stationcar;2015;45.6;57.1;62.8;66.8
1443;46.7;57.5;66.1;68.1;72.0;76.434442
1444;2009;45.8;56.3;64.8;67.9;70.5
1445;2009;42.2;63.6;66.2;67.5;69.5
1446;2009;44.8;55.1;63.4;67.1;68.9
1447;Stationcar;2009;39.9;58.7;62.8;65.3
1448;37.1;59.4;62.5;64.8;67.7;69.647225
1449;Coupe;2011;44.5;63.1;64.9;66.5
1450;2012;43.9;54.0;62.1;65.2;67.6
1451;Stationcar;2012;43.4;53.4;61.4;65.9
1452;Stationcar;2012;44.0;57.6;61.5;64.9
1453;45.4;59.6;63.4;65.6;68.2;69.8nan
1454;43.9;61.8;64.0;66.3;68.2;71.7nan
1455;44.2;54.4;62.6;66.0;68.1;70.434452
1456;2009;38.4;61.5;63.8;66.7;69.3
1457;2010;44.4;54.6;62.8;65.6;68.4
1458;2010;36.4;59.5;63.3;65.1;67.2
1459;36.6;52.6;59.7;62.3;69.8;69.9nan
1460;45.9;59.8;62.5;65.3;68.2;71.7nan
1461;45.7;55.3;61.3;63.3;66.6;70.4nan
1462;42.9;57.8;61.5;65.3;66.2;69.6nan
1463;47.9;58.8;60.5;62.2;66.2;69.6nan
1464;39.9;51.5;57.8;64.8;67.2;69.8nan
1465;46.7;64.4;69.4;73.6;77.3;81.534482
1466;47.1;58.0;66.7;70.5;72.6;74.934039
1467;46.2;56.8;65.3;69.2;71.0;73.250510
1468;2009;49.5;65.2;70.5;72.5;73.5
1469;46.3;59.9;64.7;68.4;71.3;75.350525
1470;43.2;61.6;66.6;70.4;73.1;75.8nan
1471;41.6;62.2;63.8;67.6;71.4;73.5nan
1472;47.9;60.8;64.0;67.3;69.1;72.7nan
1473;47.1;58.1;64.0;70.3;72.7;74.8nan
1474;46.3;57.0;65.5;69.2;71.3;73.6nan
1475;45.2;59.8;63.0;66.8;69.6;72.9nan
1476;46.1;55.4;61.6;65.5;71.0;71.1nan
1478;44.1;54.3;62.5;67.6;67.9;68.5nan
1479;Stationcar;2008;44.7;55.0;63.3;66.1
1480;2009;44.5;54.7;62.9;66.5;68.4
1481;42.4;60.9;62.2;65.3;66.7;68.0nan
1482;46.4;56.2;62.3;65.6;68.1;70.6nan
1483;45.3;58.9;67.2;72.2;74.1;76.135540
1484;2008;53.7;61.2;66.1;68.0;71.9
1485;44.1;56.7;64.7;68.6;73.1;77.6nan
1486;42.7;55.6;63.6;68.2;70.3;72.449414
1487;43.5;56.0;63.7;68.2;70.0;71.856893
1488;42.7;54.2;61.3;65.4;67.5;69.635645
1489;2011;42.8;52.6;60.5;63.3;65.9
1490;2008;48.2;62.6;65.6;67.9;69.3
1491;Freetrack;2008;44.4;54.6;62.8;67.4
1492;TSI;2008;46.0;56.6;65.0;69.9
1493;40.9;52.5;58.3;64.8;67.2;68.8nan
1494;38.9;58.8;62.0;65.3;67.2;70.6nan
1495;41.9;54.8;59.0;63.3;65.2;68.6nan
1496;42.1;53.1;58.8;64.8;67.2;68.8nan
1497;44.1;54.2;62.4;64.6;67.9;71.650543
1498;Stationcar;2009;42.2;51.9;59.7;64.1
1499;43.2;61.4;62.8;65.6;68.4;70.850543
1500;2011;43.1;53.0;61.0;64.2;66.4
1501;Stationcar;2012;45.0;55.4;63.7;66.2
1502;46.4;57.1;65.7;68.3;71.5;75.135652
1503;41.3;61.3;65.5;67.8;70.9;71.547051
1504;Cupra;2010;45.6;56.2;64.6;69.2
1505;2011;44.5;54.8;63.0;66.1;68.6
1506;Stationcar;2011;46.4;63.9;65.4;67.6
1507;44.5;54.7;62.9;67.3;68.4;69.950535
1508;39.9;60.8;63.5;65.8;66.2;69.6nan
1509;39.2;56.1;62.3;64.7;69.1;69.2nan
1510;2008;44.7;55.0;63.3;67.9;68.8
1511;2008;45.5;56.0;64.4;68.8;70.0
1512;2008;43.6;53.7;61.7;65.8;67.1
1513;2009;46.1;56.7;65.2;68.0;71.0
1514;2010;44.5;54.8;63.0;67.4;68.5
1515;38.5;56.2;63.9;65.2;68.2;70.4nan
1516;37.7;60.2;64.1;67.4;69.7;72.0nan
1517;Stationcar;2014;43.0;57.9;61.7;63.5
1518;280;2015;46.9;60.2;62.6;65.3
1519;39.2;54.2;58.6;62.0;66.7;68.8nan
1520;43.9;60.8;64.5;66.7;68.2;71.7nan
1521;39.9;56.8;60.0;63.3;65.2;68.6nan
1522;42.9;63.7;65.5;65.9;66.2;69.6nan
1523;TSI;2013;39.0;58.0;62.9;65.0
1524;45.8;57.5;65.3;67.2;70.5;74.5nan
1525;45.0;55.4;63.8;65.9;69.4;73.4nan
1526;42.3;58.2;66.2;67.3;70.4;74.3nan
1527;42.3;58.2;66.2;67.3;70.4;74.3nan
1528;45.8;56.4;64.9;68.1;70.6;73.5nan
1529;41.5;59.3;64.1;68.2;69.0;73.2nan
1530;44.3;61.5;67.3;68.9;71.8;74.836643
1531;2008;47.1;57.9;66.6;70.3;72.5
1532;45.4;55.8;64.2;67.4;69.9;72.8nan
1533;41.8;61.4;66.7;68.9;72.3;74.5nan
1534;Stationcar;2010;45.0;55.4;63.7;67.5
1535;2011;45.8;62.4;65.9;68.4;71.2
1536;38.5;57.6;64.9;66.5;70.1;71.9nan
1537;36.9;57.8;61.0;64.3;67.2;70.6nan
1538;48.1;57.6;63.4;68.8;71.2;73.8nan
1539;36.3;53.8;59.7;63.8;69.3;69.4nan
1540;Stationcar;2008;45.1;55.5;63.8;68.7
1541;Stationcar2009;37.7;57.4;62.5;66.9;69.0
1542;Stationcar;2010;43.6;53.7;61.7;66.2
1543;42.9;53.6;59.1;63.1;66.1;69.6nan
1544;35.9;53.7;56.3;60.4;65.0;67.0nan
1545;2016;42.7;56.9;60.6;62.5;67.2
1546;2017;39.9;59.8;62.5;65.3;67.2
1547;43.4;55.1;60.8;63.6;69.1;69.2nan
1548;44.9;57.5;62.9;65.4;69.2;71.8nan
1549;45.6;56.2;64.6;67.8;70.3;73.236652
1550;2008;43.2;53.2;61.2;64.5;66.6
1551;2008;46.4;60.0;64.0;66.0;69.1
1552;Stationcar;2010;47.5;60.4;64.1;65.6
1553;Greenline;Stationcar2011;49.8;58.8;63.4;65.8
1554;Stationcar;2011;43.4;53.4;61.4;64.9
1555;44.5;54.8;63.0;67.2;68.5;70.2nan
1556;40.9;58.8;62.0;65.3;68.2;71.7nan
1557;2015;46.3;60.3;62.3;65.4;67.7
1558;41.6;58.2;61.1;63.9;67.6;69.3nan
1559;48.9;57.8;61.5;65.3;66.2;69.6nan
1560;45.9;58.8;62.0;65.3;66.2;69.6nan
1561;2018;42.1;53.1;59.0;65.3;67.7
1562;2010;39.2;59.1;65.1;67.1;71.1
1563;2010;44.6;54.9;63.1;65.6;68.7
1564;2012;38.7;56.8;63.2;65.8;68.9
1565;35.9;54.7;59.5;62.9;66.9;70.6nan
1566;49.9;57.8;62.0;66.3;67.2;70.6nan
1567;47.9;62.7;65.5;68.3;70.1;73.7nan
1568;49.7;65.3;71.2;74.5;77.6;81.136738
1569;47.1;58.0;66.7;70.9;72.5;74.536735
1570;46.7;57.4;66.1;70.8;71.8;73.245837
1571;43.4;65.7;67.3;70.5;73.4;75.858731
1572;47.3;62.9;66.9;70.5;72.8;77.062089
1573;2012;58.5;67.5;73.2;76.1;78.8
1574;45.1;55.5;63.8;68.3;69.4;70.952149
1575;38.5;60.6;64.6;68.7;72.3;75.7nan
1576;46.1;56.1;61.8;67.3;69.7;71.8nan
1577;44.8;56.6;64.0;67.7;71.5;75.3nan
1578;44.5;54.8;63.0;67.0;68.5;70.437579
1579;43.6;53.6;61.6;65.0;67.1;69.451501
1580;2009;44.9;56.0;62.9;66.8;69.0
1581;2013;39.9;51.7;58.9;63.3;64.5
1582;42.0;61.3;64.2;66.2;69.1;71.761267
1583;42.9;53.5;59.6;65.8;68.2;70.871661
1584;2013;39.9;51.7;58.9;63.3;64.5
1585;44.7;55.0;63.3;66.5;68.9;71.537401
1586;45.4;55.9;62.4;66.0;68.4;70.737401
1587;2008;45.7;56.2;64.7;69.0;70.3
1588;54.8;63.2;68.4;71.4;72.7;74.145863
1589;2011;58.3;65.7;70.3;72.9;74.4
1590;46.2;56.8;65.3;68.7;71.1;73.737654
1591;2008;49.3;61.8;64.5;66.5;68.8
1592;2008;44.4;54.6;62.8;66.0;68.4
1593;2009;44.5;54.7;62.9;65.8;68.5
1594;2010;37.4;48.0;54.6;58.0;61.0
1595;46.8;55.9;60.7;64.3;67.2;72.1nan
1596;40.9;55.5;60.8;64.3;68.0;70.1nan
1597;44.3;54.6;62.7;65.7;68.3;71.345882
1598;42.1;57.6;63.1;65.6;68.0;71.161719
1599;46.3;57.0;65.6;67.7;71.4;75.6nan
1600;41.5;52.0;58.6;62.0;65.0;68.037404
1601;42.4;52.2;60.1;62.4;65.4;68.837471
1602;46.3;57.0;65.6;69.7;71.3;73.3nan
1603;45.3;56.4;63.2;67.1;68.9;70.6nan
1604;49.1;63.0;65.0;69.0;70.4;74.0nan
1605;2012;42.5;55.6;62.6;67.0;70.2
1606;41.9;55.0;62.9;68.0;68.7;69.5nan
1607;45.8;56.3;64.8;68.9;70.4;72.351555
1608;40.1;62.1;67.2;70.2;74.3;77.0nan
1609;40.1;53.6;60.2;68.3;70.7;72.8nan
1611;38.9;53.0;60.0;68.8;71.2;73.8nan
1612;40.7;53.8;61.9;66.2;69.8;73.345911
1613;44.7;55.0;63.2;67.9;68.7;69.955539
1614;44.7;55.0;63.2;67.9;68.7;69.955539
1615;37.9;58.8;62.5;66.3;68.2;71.7nan
1616;37.9;52.0;58.5;66.8;69.2;70.8nan
1617;44.8;61.6;66.7;69.2;73.0;77.351554
1618;38.2;59.4;65.0;68.5;70.6;73.551554
1619;47.3;60.0;64.8;69.4;72.9;76.6nan
1620;37.9;60.7;64.2;69.1;72.2;74.1nan
1621;40.0;61.4;65.5;68.9;71.7;75.647514
1622;46.8;61.1;66.1;70.1;72.1;74.147515
1623;45.7;56.2;64.7;68.5;70.3;72.547515
1624;46.2;56.9;65.4;69.2;71.1;73.451592
1625;36.2;58.4;62.8;66.6;72.4;72.5nan
1626;45.5;56.0;64.4;68.6;70.0;71.851566
1627;37.7;58.0;61.7;65.5;68.9;72.858751
1628;39.3;59.6;65.4;68.5;71.3;73.8nan
1629;47.1;56.6;62.2;67.3;69.7;71.8nan
1630;2012;35.6;48.3;56.0;60.9;61.8
1631;2013;35.0;55.2;61.0;64.1;67.6
1632;2016;43.2;51.6;56.2;59.6;63.6
1633;2016;34.4;53.1;58.1;61.5;65.2
1634;2017;35.9;53.8;58.5;63.3;65.2
1635;2010;38.6;50.5;58.0;61.8;65.4
1636;2014;43.5;51.7;57.0;59.2;63.0
1637;45.0;55.4;63.7;66.3;69.3;72.7nan
1638;47.8;60.8;63.8;68.8;70.9;73.0nan
1639;45.0;55.4;63.7;66.3;69.3;72.7nan
1640;45.0;55.4;63.7;66.9;69.3;71.9nan
1641;2010;45.5;59.1;65.1;67.1;70.1
1642;2013;32.9;54.9;59.9;62.3;66.7
1643;45.9;56.5;60.6;65.3;67.6;71.3nan
1644;37.2;55.1;60.2;65.1;68.7;70.8nan
1645;39.9;52.0;58.2;65.3;67.7;69.8nan
1646;38.5;48.9;55.4;58.7;61.9;65.251629
1647;2016;39.4;50.6;57.4;61.4;63.2
1648;2008;43.6;53.7;61.7;63.4;67.2
1649;2009;43.9;54.0;62.1;65.1;67.6
1650;Stationcar;2009;52.2;60.3;65.1;67.2
1651;2010;43.8;53.9;62.0;64.9;67.5
1652;44.9;55.2;63.5;67.3;69.0;71.150589
1653;46.7;58.4;61.6;65.3;68.7;72.0nan
1654;45.9;55.0;60.5;65.3;67.7;69.8nan
1655;46.8;57.6;66.2;71.6;72.0;72.839486
1656;46.4;57.1;65.7;69.9;71.4;73.352211
1657;47.2;58.1;66.8;71.8;72.6;73.852218
1658;45.5;62.6;67.9;71.6;75.0;78.3nan
1659;47.6;63.7;68.5;70.5;73.3;77.0nan
1660;35.2;49.1;57.6;62.6;64.7;66.8nan
1661;35.9;58.8;62.5;66.3;67.2;70.6nan
1662;35.9;57.8;61.0;64.3;67.2;70.6nan
1663;36.1;51.1;58.0;67.3;69.7;71.8nan
1664;30.1;48.6;56.2;67.8;70.2;71.8nan
1666;43.4;55.0;62.2;66.3;68.4;70.538716
1667;39.2;52.6;60.8;65.7;67.5;69.260586
1668;45.8;56.3;64.8;66.8;70.5;74.7nan
1669;45.5;63.2;66.6;69.9;71.5;73.3nan
1670;39.1;54.1;60.8;69.8;72.2;73.8nan
1671;42.6;53.7;60.5;64.5;65.9;67.339132
1672;38.6;52.3;60.7;65.5;67.9;70.345980
1673;2014;40.7;51.5;58.1;61.8;63.8
1674;45.4;55.8;64.2;67.9;69.8;72.152618
1675;43.9;60.3;65.3;68.9;71.8;74.3nan
1676;4.7;2008;42.3;52.1;59.9;63.0
1677;D-4D;2010;43.2;53.1;61.1;63.1
1678;43.9;54.0;62.1;65.1;67.6;70.439122
1679;44.9;55.3;63.6;66.7;69.2;72.138784
1680;39.9;54.8;63.7;69.6;69.9;70.238784
1681;2009;32.4;59.3;62.5;66.8;68.5
1682;39.6;54.5;63.5;69.2;70.2;71.345990
1683;45.0;55.4;63.8;66.9;69.4;72.345995
1684;46.6;63.0;66.7;69.2;71.7;74.649467
1685;44.1;54.2;62.4;66.2;67.8;69.849466
1686;45.6;59.1;63.1;66.7;70.2;73.649467
1687;Wagon;2012;46.0;53.3;61.5;66.4
1688;44.5;55.6;60.8;65.4;68.5;72.060615
1689;35.5;51.9;61.7;68.0;68.9;69.860616
1690;2016;34.5;56.8;61.3;64.2;68.6
1691;46.9;58.8;62.5;66.3;69.1;72.770103
1692;25.9;45.5;53.8;66.8;69.2;71.872678
1693;2008;45.0;55.4;63.7;68.1;69.2
1694;2012;39.9;57.2;63.7;66.7;71.0
1695;38.3;56.3;60.2;63.9;67.8;70.9nan
1696;47.0;56.1;61.7;64.9;66.4;68.0nan
1697;48.9;57.0;62.5;66.8;69.2;71.873095
1698;35.1;50.1;57.3;66.8;69.2;71.873095
1699;2008;43.0;54.7;61.9;66.0;68.2
1700;2011;41.4;53.6;61.0;65.4;67.1
1701;2016;43.8;55.3;62.3;66.6;67.9
1702;2009;44.1;54.2;62.4;65.3;67.9
1703;42.6;55.9;64.0;69.1;70.0;70.938707
1704;44.3;54.6;62.7;67.0;68.2;69.8nan
1705;45.4;55.9;64.3;66.8;70.0;73.6nan
1706;47.1;56.6;62.2;67.3;69.7;71.8nan
1707;45.6;56.1;64.5;67.4;70.2;73.4nan
1708;45.6;56.1;64.5;67.4;70.2;73.4nan
1709;47.0;57.8;66.5;70.1;72.4;74.939606
1710;2010;39.7;61.3;66.2;70.0;71.4
1711;46.6;60.0;65.2;68.1;71.8;75.357367
1712;45.2;55.7;64.0;67.4;69.7;72.257369
1713;45.7;55.7;61.5;65.4;70.4;73.257369
1714;2012;44.2;54.4;62.6;65.9;68.1
1715;38.9;52.5;59.3;67.8;70.2;72.872570
1716;42.1;54.1;60.3;67.3;69.7;71.872569
1717;2012;47.9;57.3;61.9;64.6;68.8
1718;50.8;58.8;61.5;64.3;66.2;69.6nan
1719;42.9;54.0;60.0;66.3;68.7;70.8nan
1720;45.0;55.4;63.7;68.4;69.2;70.451746
1721;2011;45.0;55.4;63.8;67.2;69.4
1722;2009;48.8;57.8;63.3;66.4;68.2
1723;41.8;57.8;62.2;65.3;68.6;71.7nan
1724;2008;37.1;59.0;65.0;67.0;68.3
1725;2010;34.8;60.1;64.7;66.4;68.2
1726;44.8;55.1;63.4;67.6;68.9;70.651701
1727;46.7;63.9;66.4;70.6;72.6;75.042736
1728;45.8;56.4;64.9;69.5;70.5;71.9nan
1729;2008;45.0;55.4;63.8;68.0;69.3
1730;2008;46.0;62.4;65.2;67.2;68.6
1731;45.5;57.7;65.2;69.2;72.4;75.642516
1732;2009;44.0;56.4;62.3;64.5;66.7
1733;Plus;2009;45.3;55.8;64.1;66.7
1734;44.1;54.3;62.5;66.1;67.9;70.142960
1735;Stationcar;2010;44.9;55.2;63.5;67.2
1736;2010;44.4;54.6;62.8;67.3;68.3
1737;44.5;54.8;63.0;66.3;68.6;71.151662
1738;46.4;56.9;63.7;66.4;71.7;77.146056
1739;2011;44.3;54.5;62.7;67.0;68.1
1740;2011;44.3;54.5;62.7;67.0;68.1
1741;2011;44.4;59.0;64.2;67.4;68.3
1742;2012;38.9;56.9;59.2;62.1;65.2
1743;35.9;54.6;58.9;62.5;64.7;67.558257
1744;2013;35.9;56.5;61.2;65.5;66.9
1745;2013;46.1;57.0;61.1;63.2;66.2
1746;42.6;56.1;59.6;62.3;65.6;68.660797
1747;2014;36.4;54.3;59.2;61.8;65.5
1748;2014;44.3;58.2;62.2;65.5;68.3
1749;43.6;59.2;63.1;66.9;68.6;70.360798
1750;42.3;58.2;61.6;64.9;67.6;69.360802
1751;43.6;60.2;63.6;66.9;67.6;69.360800
1752;35.8;59.1;62.1;65.1;69.1;70.560800
1753;38.2;57.1;61.1;63.1;66.0;69.061620
1754;42.2;52.5;58.8;62.5;64.0;65.560938
1755;37.9;56.8;60.5;64.3;66.2;69.666859
1756;39.9;56.8;59.5;62.2;66.2;69.666859
1757;2016;37.9;57.8;61.0;64.3;66.2
1758;44.9;58.8;62.0;65.3;67.2;70.666862
1759;43.1;60.2;63.3;65.6;66.3;69.766859
1760;37.7;55.1;61.0;65.1;70.2;70.369430
1761;37.9;58.8;61.5;64.3;66.2;69.669426
1762;2017;38.9;59.8;63.0;66.3;67.2
1763;43.9;52.3;57.8;60.5;67.6;67.769427
1764;41.8;61.7;65.4;68.0;70.4;71.042500
1765;2009;47.8;58.9;65.5;69.7;70.6
1766;42.7;52.6;60.4;63.6;65.8;68.246087
1767;2011;43.6;53.1;58.6;64.1;67.2
1768;2011;39.8;50.7;57.4;61.1;63.5
1769;2013;34.2;53.9;58.5;62.3;64.5
1770;2014;35.0;49.8;58.8;64.4;65.6
1771;40.3;52.5;60.0;64.5;66.0;67.568107
1772;2011;48.7;60.3;64.3;68.2;70.5
1773;Stationcar;2008;43.1;62.0;64.5;66.5
1774;2008;44.5;54.7;62.9;68.0;68.4
1775;Stationcar;2008;43.6;53.7;61.7;66.2
1776;CC;2008;41.1;58.8;61.0;63.5
1777;Stationcar;2009;43.5;53.5;61.5;66.1
1778;2011;35.8;54.6;58.3;62.4;65.1
1779;2011;44.5;54.7;62.9;67.0;68.4
1780;2011;42.0;51.7;59.4;62.7;64.6
1781;Stationcar;2011;48.5;58.1;61.4;64.2
1782;2012;43.3;56.1;63.8;68.5;69.9
1783;2013;45.0;54.1;59.6;62.8;64.2
1784;37.1;58.2;61.2;64.3;67.3;70.760893
1785;2014;41.0;56.2;59.6;62.9;66.6
1786;Stationcar;2015;49.7;58.8;61.6;64.4
1787;Stationcar;2015;42.3;56.2;60.6;64.9
1788;2016;44.9;59.8;62.5;65.3;66.2
1789;37.1;51.6;57.9;66.3;68.7;69.872500
1790;TSI;2008;44.1;54.2;62.4;66.5
1791;2008;42.9;52.8;60.7;63.1;66.1
1792;L;2010;44.5;55.4;59.8;62.1
1793;2011;41.3;50.9;58.5;61.4;63.7
1794;43.9;54.1;62.2;66.4;67.6;69.243142
1795;2009;43.1;61.2;64.4;67.1;69.4
1796;2010;47.9;60.4;64.1;66.4;69.5
1797;2011;49.5;61.5;65.1;68.8;69.3
1798;44.8;55.1;63.4;67.8;68.9;70.451801
1799;2012;42.2;58.3;62.6;65.8;69.1
1800;44.7;58.8;64.6;65.4;68.8;71.4nan
1801;42.1;62.2;64.3;66.3;69.2;72.8nan
1802;43.9;61.8;65.5;69.3;70.1;73.7nan
1803;38.9;57.8;61.0;64.3;66.2;69.6nan
1804;46.5;56.8;61.2;65.7;71.7;71.8nan
1805;2008;44.4;63.0;68.1;69.5;71.4
1806;2009;45.4;55.9;64.3;68.6;69.9
1807;2012;46.2;61.6;65.6;66.9;71.1
1808;2014;44.9;60.2;64.6;68.9;71.5
1809;2011;46.2;60.5;61.8;65.3;67.2
1810;42.6;52.4;60.3;63.1;65.6;68.351805
1811;45.1;54.1;59.8;64.8;67.2;69.8nan
1812;2008;47.5;60.1;63.4;65.7;67.4
1813;2009;45.4;55.8;64.2;68.3;69.8
1814;4-Motion;2011;43.8;58.1;62.1;64.1
1815;2011;43.0;53.0;60.9;63.8;66.3
1816;2012;39.4;55.0;59.8;63.2;65.6
1817;43.9;54.6;58.6;60.5;65.6;67.667774
1818;37.9;55.8;59.0;62.2;64.3;67.667770
1819;42.9;57.8;61.5;65.3;67.2;70.670341
1820;34.9;49.5;56.1;64.8;67.2;68.872918
1821;43.1;52.6;58.4;63.8;66.2;68.872916
1822;42.9;53.7;60.3;64.0;66.1;68.241616
1823;TDI;2010;43.1;53.0;61.0;64.7
1824;TDI;2014;41.0;56.2;59.6;62.9
1825;2015;41.0;57.2;60.1;62.9;66.6
1826;52.1;57.6;61.9;63.8;66.2;67.8nan
1827;43.9;54.0;60.0;65.8;68.2;70.8nan
1828;36.1;49.6;56.2;64.3;66.7;68.8nan
1829;44.9;54.5;60.1;65.3;67.7;69.8nan
1830;45.6;61.6;61.8;66.5;70.2;73.251811
1831;41.7;58.7;62.8;66.9;69.4;73.8nan
1832;46.8;62.4;67.5;70.0;72.0;75.2nan
1833;43.9;60.8;64.0;67.3;69.1;72.7nan
1834;39.1;53.1;59.5;67.8;70.2;71.8nan
1835;27.9;46.5;54.6;66.8;69.2;71.8nan
1836;47.0;63.1;68.9;71.3;72.3;76.0nan
1837;44.7;56.0;62.8;67.0;68.3;69.644054
1838;44.6;54.9;63.1;66.4;68.7;71.243605
1839;45.1;61.6;66.1;68.1;70.0;72.143328
1840;44.4;60.6;64.4;67.8;70.1;72.346138
1841;43.6;53.0;56.9;62.2;65.7;68.8nan
1842;43.2;53.1;61.1;65.1;66.4;68.143208
1843;45.7;56.2;64.7;65.2;70.4;76.343696
1844;45.2;55.7;64.0;64.4;69.7;75.747411
1845;2011;43.2;53.2;61.2;64.1;66.6
1846;38.1;55.4;66.2;71.7;76.7;81.846144
1847;2012;43.2;53.1;61.1;63.7;66.5
1848;44.2;57.0;59.5;62.3;65.0;68.660919
1849;44.3;54.5;62.7;66.8;68.1;69.843301
1850;40.1;57.5;61.0;64.0;66.0;70.043938
1851;42.8;52.6;60.5;64.4;65.8;67.644036
1852;2012;42.8;52.7;60.6;63.9;66.0
1853;43.5;52.7;56.4;60.6;64.3;67.260922
1854;45.9;57.8;61.0;63.3;64.3;67.6nan
1855;44.9;56.8;60.5;64.3;66.2;69.6nan
1856;43.4;54.3;58.4;61.2;64.7;68.9nan
1857;42.5;54.8;60.6;63.8;66.2;68.1nan
1858;2012;43.0;52.9;60.8;65.4;66.1
1859;2013;49.7;57.0;61.9;65.2;67.4
1860;Country;2014;39.7;58.6;62.2;65.5
1861;45.1;57.1;62.8;69.3;71.7;72.8nan
1862;46.9;56.5;61.8;66.8;69.2;70.8nan
1863;43.5;62.2;65.4;67.6;68.9;71.443405
1864;44.2;54.4;62.6;66.4;68.0;70.046151
1865;2011;44.5;54.7;62.9;65.5;68.5
1866;48.2;57.5;60.8;62.4;67.5;71.4nan
1867;2012;43.9;54.0;62.1;66.0;67.5
1868;46.7;56.7;62.4;65.1;68.9;71.962457
1869;43.9;54.1;62.2;64.9;67.7;70.943985
1870;43.7;53.8;61.9;64.9;67.4;70.244016
1871;2010;46.0;58.8;61.9;64.3;66.4
1872;2016;46.2;53.8;60.8;63.8;67.4
1873;2017;39.9;57.8;62.0;64.5;66.2
1874;2017;44.6;52.0;57.3;61.2;67.3
1875;43.9;54.0;59.7;65.3;67.7;69.8nan
1876;2008;45.4;54.8;60.5;63.5;67.0
1877;45.4;55.8;64.2;67.4;69.9;72.8nan
1878;42.7;52.6;60.4;63.0;65.8;69.046154
1879;43.3;54.7;61.8;65.5;68.6;71.746155
1880;2011;43.6;53.6;61.6;65.8;67.0
1881;48.9;55.4;58.7;61.6;64.6;67.762528
1882;43.9;56.8;60.0;63.3;66.2;69.667762
1883;46.8;55.6;60.1;62.8;67.1;69.867762
1884;43.6;51.6;56.1;60.6;67.1;67.268877
1885;43.1;52.6;58.2;63.3;65.7;67.871450
1886;43.2;53.2;61.2;65.5;66.5;67.943926
1887;44.1;55.8;61.5;64.2;67.9;70.0nan
1888;42.9;56.8;60.5;64.3;66.2;69.6nan
1889;Engine;2016;37.3;50.3;56.6;60.9
1890;47.9;64.7;65.5;66.3;67.2;70.6nan
1891;39.9;55.8;60.0;64.3;65.2;68.6nan
1892;43.9;53.5;59.1;64.3;66.7;68.8nan
1893;47.1;55.6;60.9;65.3;67.7;69.8nan
1894;;;;;;
